
-- phpMyAdmin SQL Dump
-- version 4.9.7
-- https://www.phpmyadmin.net/
--
-- Хост: localhost
-- Время создания: Ноя 06 2020 г., 08:17
-- Версия сервера: 8.0.22
-- Версия PHP: 7.4.12

SET SQL_MODE = "NO_AUTO_VALUE_ON_ZERO";
SET AUTOCOMMIT = 0;
START TRANSACTION;
SET time_zone = "+00:00";


/*!40101 SET @OLD_CHARACTER_SET_CLIENT=@@CHARACTER_SET_CLIENT */;
/*!40101 SET @OLD_CHARACTER_SET_RESULTS=@@CHARACTER_SET_RESULTS */;
/*!40101 SET @OLD_COLLATION_CONNECTION=@@COLLATION_CONNECTION */;
/*!40101 SET NAMES utf8mb4 */;
--
-- База данных: `warehousebm`
--

-- --------------------------------------------------------

--
-- Структура таблицы `categories`
--
CREATE TABLE `categories` (
  `id` int NOT NULL,
  `cg_name` text NOT NULL,
  `cg_type` int NOT NULL
) ENGINE=InnoDB DEFAULT CHARSET=utf8mb4 COLLATE=utf8mb4_general_ci;

--
-- Дамп данных таблицы `categories`
--

INSERT INTO `categories` (`id`, `cg_name`, `cg_type`) VALUES
(1009, 'Клемники', 0),
(1014, 'Сальниковый ввод', 0),
(1015, 'Датчики', 0),
(1016, 'Источник питания', 0),
(1017, 'Термо рукав', 0),
(1018, 'Контактные разъёмы', 0),
(2009, 'Автомат', 0),
(3010, 'Кабеля', 0),
(3011, 'Блок питания', 0),
(3013, 'Рейка', 0),
(3014, 'Реле', 0),
(3015, 'Коннектор', 0),
(3016, 'Розетка', 0),
(3017, 'Индикатор', 0),
(3018, 'Кнопки', 0),
(3019, 'Переключатели', 0),
(3020, 'Защитный корпус', 0),
(3021, 'Кнопочные контакты', 0),
(3022, 'Модуль', 0),
(3023, 'Энкодер', 0),
(3024, 'Флянец', 0),
(3025, 'Медиаконвертер', 0),
(4009, 'Замок', 0),
(4010, 'Бирки', 0),
(4011, 'Отражатели', 0),
(4012, 'Фильтры', 0),
(4013, 'Термоусадка', 0),
(4014, 'Комутатор', 0),
(4015, 'Клемная коробка', 0),
(4016, 'Кабельный лоток', 0),
(4017, 'Шкаф', 0),
(4018, 'Пускатель', 0),
(5018, 'Двигатель', 1),
(6018, 'Канцелярия', 0),
(6019, 'Клавиатуры', 0),
(7018, 'Барабаны на принтер', 0),
(7019, 'Лампочки', 0),
(7020, 'Мышки', 0),
(7021, 'Сетевой фильтр', 0);

-- --------------------------------------------------------

--
-- Структура таблицы `door_controll`
--

CREATE TABLE `door_controll` (
  `id` int NOT NULL,
  `date_enter` datetime NOT NULL,
  `date_exit` datetime NOT NULL,
  `people` int DEFAULT NULL
) ENGINE=InnoDB DEFAULT CHARSET=utf8mb4 COLLATE=utf8mb4_general_ci;

--
-- Дамп данных таблицы `door_controll`
--

INSERT INTO `door_controll` (`id`, `date_enter`, `date_exit`, `people`) VALUES
(1017, '2019-10-11 12:26:30', '2019-10-11 13:58:34', 5),
(1018, '2019-10-16 08:38:50', '2019-10-16 10:59:57', 5),
(1019, '2019-10-17 13:05:05', '2019-10-17 14:36:27', 5),
(1020, '2019-10-17 14:36:28', '2019-10-17 14:37:36', 5),
(1021, '2019-10-17 14:37:37', '2019-10-17 14:40:20', 5),
(1022, '2019-10-18 12:36:59', '2019-10-18 12:50:26', 5),
(1023, '2019-10-18 12:50:27', '2019-10-18 14:04:51', 11),
(1024, '2019-10-18 14:04:52', '2019-10-18 14:06:48', 5),
(1025, '2019-10-18 14:06:49', '2019-10-18 14:07:23', 5),
(1026, '2019-10-21 12:18:23', '2019-10-21 12:51:12', 7),
(1027, '2019-10-21 12:51:12', '2019-10-21 12:51:35', 0),
(1028, '2019-10-22 07:52:08', '2019-10-22 07:57:32', 2),
(1029, '2019-10-23 15:31:12', '2019-10-23 15:38:42', 8),
(1030, '2019-10-24 08:15:27', '2019-10-24 08:33:27', 7),
(1031, '2019-10-24 15:02:58', '2019-10-25 10:17:09', 7),
(2025, '2019-10-26 08:19:22', '2019-10-26 08:22:55', 0),
(2026, '2019-10-26 08:32:46', '2019-10-26 08:38:54', 8),
(2027, '2019-10-26 09:32:21', '2019-10-26 09:41:34', 8),
(2028, '2019-10-26 13:39:52', '2019-10-26 13:45:20', 7),
(2029, '2019-10-26 14:58:13', '2019-10-26 15:24:30', 0),
(2030, '2019-10-26 15:50:26', '2019-10-26 15:51:23', 0),
(2031, '2019-10-26 21:02:00', '2019-10-27 09:48:28', 8),
(3025, '2019-10-27 17:47:48', '2019-10-27 17:50:58', 0),
(3026, '2019-10-28 13:14:40', '2019-10-28 13:17:06', 7),
(3027, '2019-10-28 14:49:53', '2019-10-29 12:08:12', 0),
(4025, '2019-10-30 03:18:22', '2019-10-30 14:22:28', 8),
(5025, '2019-10-31 10:47:09', '2019-10-31 10:57:29', 2),
(5026, '2019-10-31 10:57:30', '2019-10-31 10:57:59', 0),
(5027, '2019-10-31 11:10:47', '2019-10-31 11:11:01', 0),
(5028, '2019-10-31 11:11:11', '2019-10-31 11:24:28', 2),
(5029, '2019-10-31 20:41:12', '2019-11-02 11:38:29', 7),
(6025, '2019-11-02 21:58:43', '2019-11-02 22:00:44', 0),
(6026, '2019-11-02 22:00:45', '2019-11-03 15:30:43', 6),
(7025, '2019-11-05 14:17:37', '2019-11-05 14:23:55', 0),
(7026, '2019-11-05 15:48:20', '2019-11-05 15:50:26', 0),
(7027, '2019-11-06 00:00:48', '2019-11-06 00:00:48', 0);

-- --------------------------------------------------------

--
-- Структура таблицы `ediniciizmerenija`
--

CREATE TABLE `ediniciizmerenija` (
  `id` int NOT NULL,
  `ei_name` varchar(10) NOT NULL
) ENGINE=InnoDB DEFAULT CHARSET=utf8mb4 COLLATE=utf8mb4_general_ci;

--
-- Дамп данных таблицы `ediniciizmerenija`
--

INSERT INTO `ediniciizmerenija` (`id`, `ei_name`) VALUES
(1, 'шт'),
(2, 'м'),
(3, 'см'),
(4, 'кг'),
(1002, 'упак');

-- --------------------------------------------------------

--
-- Структура таблицы `exam_date`
--

CREATE TABLE `exam_date` (
  `id` int NOT NULL,
  `people_id` int NOT NULL,
  `type_quest_id` int NOT NULL,
  `success_quest_percent` int NOT NULL,
  `last_date` datetime NOT NULL,
  `time_exam` int NOT NULL
) ENGINE=InnoDB DEFAULT CHARSET=utf8mb4 COLLATE=utf8mb4_general_ci;

--
-- Дамп данных таблицы `exam_date`
--

INSERT INTO `exam_date` (`id`, `people_id`, `type_quest_id`, `success_quest_percent`, `last_date`, `time_exam`) VALUES
(21, 43, 2, 90, '2020-10-07 08:05:59', 701),
(22, 39, 2, 80, '2020-10-07 08:42:42', 356),
(24, 40, 2, 95, '2020-10-07 10:07:08', 256),
(25, 2014, 2, 45, '2020-10-07 12:42:49', 1537),
(26, 2015, 2, 65, '2020-10-07 12:59:27', 837),
(27, 41, 2, 70, '2020-10-07 13:50:30', 839),
(28, 24, 2, 95, '2020-10-07 14:01:18', 524),
(29, 5, 2, 70, '2020-10-07 14:50:13', 705),
(30, 2016, 2, 55, '2020-10-07 15:19:04', 1582),
(31, 44, 2, 60, '2020-10-08 09:20:40', 731),
(32, 2018, 2, 50, '2020-10-08 11:51:29', 572),
(33, 2018, 2, 55, '2020-10-08 12:03:10', 371),
(34, 2020, 2, 55, '2020-10-08 12:39:35', 663),
(35, 2019, 2, 65, '2020-10-08 12:53:06', 776),
(37, 2021, 2, 65, '2020-10-08 13:44:31', 1800),
(38, 7, 2, 85, '2020-10-08 13:49:49', 294),
(39, 23, 2, 100, '2020-10-08 14:08:40', 824),
(40, 48, 2, 65, '2020-10-08 14:28:16', 1153),
(41, 38, 2, 70, '2020-10-08 14:47:05', 780),
(42, 2023, 2, 45, '2020-10-08 15:02:34', 811),
(43, 6, 2, 80, '2020-10-08 15:27:47', 717),
(45, 2024, 2, 75, '2020-10-09 08:18:26', 407),
(46, 2025, 2, 80, '2020-10-09 10:22:30', 733),
(48, 2026, 2, 85, '2020-10-09 10:55:46', 432),
(50, 53, 2, 70, '2020-10-09 11:10:25', 773),
(51, 42, 2, 95, '2020-10-09 11:56:41', 270),
(53, 2029, 2, 80, '2020-10-09 14:52:05', 1219),
(54, 2028, 2, 95, '2020-10-09 14:55:57', 609),
(55, 2030, 2, 95, '2020-10-12 08:15:41', 490),
(56, 2031, 2, 95, '2020-10-12 08:25:01', 412),
(57, 2032, 2, 60, '2020-10-12 08:30:44', 563),
(58, 2033, 2, 45, '2020-10-12 08:42:37', 620),
(59, 2015, 2, 90, '2020-10-12 09:07:09', 287),
(60, 2014, 2, 90, '2020-10-12 09:16:27', 775),
(61, 2034, 2, 95, '2020-10-12 09:17:33', 533),
(62, 2035, 2, 95, '2020-10-12 09:39:20', 1126),
(63, 36, 2, 70, '2020-10-12 10:41:30', 756),
(64, 2018, 2, 60, '2020-10-12 10:46:45', 826),
(65, 2036, 2, 80, '2020-10-12 11:05:42', 901),
(66, 2023, 2, 60, '2020-10-12 12:27:50', 693),
(67, 2019, 2, 80, '2020-10-12 12:29:22', 1001),
(68, 2021, 2, 65, '2020-10-12 13:03:22', 590),
(69, 2021, 2, 90, '2020-10-12 13:16:55', 527),
(70, 2037, 2, 80, '2020-10-13 08:04:09', 273),
(71, 2038, 2, 90, '2020-10-13 08:08:13', 428),
(72, 2039, 2, 90, '2020-10-13 08:25:41', 497),
(73, 2040, 2, 100, '2020-10-13 08:30:36', 199),
(74, 2041, 2, 95, '2020-10-13 08:44:27', 460),
(75, 2042, 2, 90, '2020-10-13 08:44:50', 480),
(76, 31, 2, 90, '2020-10-13 09:01:59', 796),
(77, 2043, 2, 90, '2020-10-13 09:17:28', 591),
(78, 2044, 2, 100, '2020-10-13 09:30:23', 508),
(79, 2045, 2, 95, '2020-10-13 09:44:07', 638),
(80, 2047, 2, 15, '2020-10-13 09:44:21', 626),
(81, 55, 2, 90, '2020-10-13 09:53:22', 253),
(82, 2048, 2, 100, '2020-10-13 10:00:29', 792),
(83, 2050, 2, 95, '2020-10-13 10:09:14', 791),
(84, 2051, 2, 65, '2020-10-13 10:24:23', 937),
(85, 2052, 2, 75, '2020-10-13 10:35:39', 299),
(86, 2053, 2, 95, '2020-10-13 11:03:07', 453),
(87, 2054, 2, 90, '2020-10-13 11:19:31', 196),
(88, 29, 2, 90, '2020-10-13 11:39:03', 290),
(89, 2055, 2, 95, '2020-10-13 11:46:31', 483),
(90, 48, 2, 100, '2020-10-13 12:51:59', 869),
(91, 2056, 2, 60, '2020-10-13 14:14:54', 1669),
(92, 44, 2, 100, '2020-10-13 15:12:47', 1071),
(93, 2057, 2, 75, '2020-10-14 07:25:29', 544),
(94, 2058, 2, 65, '2020-10-14 07:59:22', 1016),
(95, 2059, 2, 75, '2020-10-14 08:09:06', 870),
(96, 2060, 2, 90, '2020-10-14 08:38:28', 364),
(97, 2061, 2, 90, '2020-10-14 08:38:50', 241),
(98, 2062, 2, 100, '2020-10-14 08:50:33', 559),
(99, 2063, 2, 85, '2020-10-14 08:52:15', 600),
(100, 2065, 2, 100, '2020-10-14 09:21:48', 495),
(101, 2064, 2, 90, '2020-10-14 09:22:01', 531),
(102, 2067, 2, 100, '2020-10-14 09:44:04', 326),
(103, 32, 2, 85, '2020-10-14 09:48:50', 1197),
(104, 2069, 2, 95, '2020-10-14 09:58:21', 352),
(105, 49, 2, 70, '2020-10-14 10:01:10', 499),
(106, 2070, 2, 95, '2020-10-14 10:23:27', 415),
(107, 2071, 2, 80, '2020-10-14 10:26:27', 524),
(108, 2072, 2, 90, '2020-10-14 10:52:32', 454),
(109, 27, 2, 90, '2020-10-14 10:54:10', 533),
(110, 2073, 2, 95, '2020-10-14 11:06:40', 719),
(111, 2016, 2, 100, '2020-10-14 12:58:56', 196),
(112, 2074, 2, 95, '2020-10-14 13:10:08', 335),
(113, 2075, 2, 75, '2020-10-14 14:25:19', 391),
(114, 2076, 2, 80, '2020-10-14 14:44:51', 402),
(115, 2077, 2, 95, '2020-10-14 15:08:44', 330),
(116, 2078, 2, 100, '2020-10-15 07:39:18', 416),
(117, 2079, 2, 90, '2020-10-15 08:02:09', 829),
(118, 2080, 2, 100, '2020-10-15 08:07:57', 1099),
(119, 2081, 2, 95, '2020-10-15 08:12:28', 401),
(120, 2082, 2, 100, '2020-10-15 08:23:52', 426),
(121, 2083, 2, 80, '2020-10-15 08:23:56', 379),
(122, 2084, 2, 85, '2020-10-15 08:43:15', 510),
(123, 2085, 2, 75, '2020-10-15 09:49:02', 450),
(124, 2086, 2, 85, '2020-10-15 10:01:23', 567),
(125, 2087, 2, 65, '2020-10-15 10:53:12', 721),
(126, 2088, 2, 85, '2020-10-15 11:00:37', 872),
(127, 2089, 2, 100, '2020-10-15 11:26:53', 457),
(128, 2090, 2, 90, '2020-10-15 11:35:26', 627),
(129, 2091, 2, 85, '2020-10-15 11:42:52', 330),
(130, 2092, 2, 90, '2020-10-15 11:46:08', 631),
(131, 35, 2, 95, '2020-10-15 12:45:05', 990),
(132, 2094, 2, 70, '2020-10-15 13:04:56', 583),
(133, 2095, 2, 65, '2020-10-15 13:28:15', 1215),
(134, 2097, 2, 70, '2020-10-15 13:56:15', 772),
(135, 2096, 2, 70, '2020-10-15 14:00:14', 1034),
(136, 2098, 2, 65, '2020-10-15 14:32:38', 698),
(137, 2099, 2, 85, '2020-10-15 14:53:16', 1331),
(138, 2100, 2, 90, '2020-10-15 15:17:41', 355),
(139, 2101, 2, 90, '2020-10-16 07:20:51', 312),
(140, 2102, 2, 95, '2020-10-16 07:33:13', 417),
(141, 2103, 2, 100, '2020-10-16 07:44:20', 439),
(142, 2104, 2, 90, '2020-10-16 07:52:24', 473),
(143, 2105, 2, 55, '2020-10-16 07:52:40', 358),
(144, 2058, 2, 100, '2020-10-16 08:00:49', 373),
(145, 2106, 2, 90, '2020-10-16 08:08:09', 859),
(146, 2107, 2, 95, '2020-10-16 08:24:41', 639),
(147, 2108, 2, 70, '2020-10-16 08:43:43', 1162),
(148, 2109, 2, 50, '2020-10-16 08:46:07', 591),
(149, 2110, 2, 70, '2020-10-16 09:10:12', 505),
(150, 2112, 2, 100, '2020-10-16 09:56:44', 221),
(151, 2111, 2, 90, '2020-10-16 09:58:40', 424),
(152, 2114, 2, 95, '2020-10-16 10:34:41', 384),
(153, 2113, 2, 100, '2020-10-16 12:23:59', 281),
(154, 2047, 2, 25, '2020-10-16 12:24:57', 377),
(155, 2051, 2, 100, '2020-10-16 13:29:05', 238),
(156, 46, 2, 100, '2020-10-16 14:04:39', 271),
(157, 2017, 2, 90, '2020-10-16 14:38:28', 376),
(158, 2115, 2, 85, '2020-10-16 15:44:01', 377),
(159, 2117, 2, 65, '2020-10-19 07:41:15', 763),
(160, 2116, 2, 95, '2020-10-19 07:41:15', 655),
(162, 2118, 2, 100, '2020-10-19 08:22:58', 825),
(163, 56, 2, 100, '2020-10-19 09:57:25', 635),
(164, 67, 2, 25, '2020-10-19 09:59:38', 51),
(165, 2087, 2, 100, '2020-10-19 10:08:53', 458),
(166, 2120, 2, 95, '2020-10-20 07:04:39', 337),
(167, 2121, 2, 100, '2020-10-20 07:49:56', 507),
(168, 2018, 2, 100, '2020-10-20 09:19:09', 731),
(169, 2122, 2, 85, '2020-10-20 15:24:03', 954),
(170, 2109, 2, 90, '2020-10-20 15:28:05', 1267),
(171, 67, 2, 95, '2020-10-20 15:32:52', 213),
(172, 2117, 2, 85, '2020-10-21 07:19:13', 599),
(173, 2123, 2, 85, '2020-10-21 08:18:12', 706),
(175, 2124, 2, 95, '2020-10-21 15:25:46', 549),
(178, 67, 2, 95, '2020-10-22 07:39:37', 117),
(179, 67, 1, 85, '2020-10-22 07:44:14', 233),
(180, 2105, 2, 100, '2020-10-22 11:30:03', 215),
(181, 2020, 2, 95, '2020-10-22 15:35:44', 354),
(182, 2125, 2, 60, '2020-10-22 15:45:00', 1023),
(183, 2125, 2, 50, '2020-10-22 15:52:25', 373),
(184, 2128, 2, 55, '2020-10-23 13:07:45', 524),
(185, 2129, 1, 70, '2020-10-26 07:56:23', 401),
(186, 2130, 2, 90, '2020-10-26 08:04:16', 712),
(187, 2131, 1, 60, '2020-10-26 08:26:01', 1046),
(188, 2132, 2, 80, '2020-10-26 08:41:42', 584),
(189, 62, 1, 90, '2020-10-26 11:07:51', 166),
(190, 25, 2, 100, '2020-10-26 14:13:10', 278),
(191, 2125, 2, 95, '2020-10-26 14:28:37', 353),
(192, 2134, 2, 85, '2020-10-27 07:40:46', 1006),
(193, 2135, 2, 90, '2020-10-27 10:41:25', 449),
(194, 2136, 2, 80, '2020-10-27 10:42:03', 446),
(195, 2138, 1, 70, '2020-10-27 11:05:34', 328),
(196, 2137, 1, 65, '2020-10-27 11:13:49', 801),
(197, 2139, 2, 100, '2020-10-27 12:48:16', 392),
(198, 2140, 2, 90, '2020-10-27 12:48:23', 417),
(199, 2131, 1, 80, '2020-10-28 07:17:11', 501),
(200, 2141, 1, 100, '2020-10-28 07:47:21', 244),
(201, 2142, 2, 50, '2020-10-28 08:14:50', 602),
(202, 2144, 1, 95, '2020-10-28 08:16:09', 351),
(203, 2143, 1, 90, '2020-10-28 08:25:59', 505),
(204, 2145, 2, 95, '2020-10-28 09:12:30', 251),
(205, 2137, 1, 95, '2020-10-29 07:14:18', 384),
(206, 2146, 2, 90, '2020-10-29 07:26:23', 771),
(207, 12, 2, 75, '2020-10-29 07:54:32', 750),
(208, 2147, 1, 60, '2020-10-29 08:05:24', 518),
(209, 2148, 1, 90, '2020-10-29 08:13:13', 318),
(210, 8, 1, 100, '2020-10-29 08:20:26', 178),
(211, 2149, 1, 85, '2020-10-29 08:36:36', 399),
(212, 26, 2, 75, '2020-10-29 09:06:51', 455),
(213, 2150, 2, 95, '2020-10-29 09:12:55', 264),
(214, 2151, 2, 90, '2020-10-29 10:35:11', 328),
(215, 2152, 1, 70, '2020-10-30 07:39:20', 616);

-- --------------------------------------------------------

--
-- Структура таблицы `exam_typequest`
--

CREATE TABLE `exam_typequest` (
  `id` int NOT NULL,
  `Type_quest_text` varchar(50) CHARACTER SET utf8mb4 COLLATE utf8mb4_general_ci NOT NULL
) ENGINE=InnoDB DEFAULT CHARSET=utf8mb4 COLLATE=utf8mb4_general_ci;

--
-- Дамп данных таблицы `exam_typequest`
--

INSERT INTO `exam_typequest` (`id`, `Type_quest_text`) VALUES
(1, 'Электротехнический'),
(2, 'Электротехнологический');

-- --------------------------------------------------------

--
-- Структура таблицы `history`
--

CREATE TABLE `history` (
  `id` int NOT NULL,
  `mat_id` int NOT NULL,
  `mat_date` datetime NOT NULL,
  `mat_qty` int NOT NULL,
  `people` int NOT NULL,
  `spisanie_or_dobavlenie` int NOT NULL
) ENGINE=InnoDB DEFAULT CHARSET=utf8mb4 COLLATE=utf8mb4_general_ci;

--
-- Дамп данных таблицы `history`
--

INSERT INTO `history` (`id`, `mat_id`, `mat_date`, `mat_qty`, `people`, `spisanie_or_dobavlenie`) VALUES
(1, 1, '2019-08-26 10:38:30', 9, 5, 1),
(2, 2, '2019-08-28 09:46:08', 100, 5, 1),
(3, 3, '2019-08-28 09:47:32', 200, 5, 1),
(4, 4, '2019-08-28 09:48:13', 100, 5, 1),
(5, 5, '2019-08-28 09:52:27', 260, 5, 1),
(6, 6, '2019-08-28 10:14:50', 90, 5, 1),
(7, 7, '2019-08-28 10:27:27', 202, 5, 1),
(8, 8, '2019-08-28 10:31:44', 180, 5, 1),
(9, 9, '2019-08-28 10:40:37', 13, 5, 1),
(10, 10, '2019-08-28 10:41:21', 11, 5, 1),
(11, 11, '2019-08-29 15:18:12', 2, 5, 1),
(12, 12, '2019-08-29 15:19:12', 2, 5, 1),
(13, 13, '2019-09-02 13:14:13', 2, 5, 1),
(14, 14, '2019-09-02 13:18:52', 4, 5, 1),
(15, 15, '2019-09-02 13:23:14', 4, 5, 1),
(16, 16, '2019-09-02 13:23:49', 4, 5, 1),
(17, 17, '2019-09-02 13:36:04', 1, 5, 1),
(18, 18, '2019-09-02 13:37:13', 5, 5, 1),
(19, 19, '2019-09-02 13:39:14', 9, 5, 1),
(20, 20, '2019-09-02 13:40:56', 7, 5, 1),
(21, 21, '2019-09-02 13:41:50', 5, 5, 1),
(22, 22, '2019-09-02 13:49:32', 93, 5, 1),
(23, 23, '2019-09-02 13:51:55', 150, 5, 1),
(24, 24, '2019-09-02 13:58:30', 1, 5, 1),
(25, 25, '2019-09-02 13:59:55', 7, 5, 1),
(26, 26, '2019-09-02 14:04:20', 10, 5, 1),
(27, 27, '2019-09-02 14:08:56', 46, 5, 1),
(28, 28, '2019-09-02 14:10:30', 48, 5, 1),
(29, 29, '2019-09-02 14:22:36', 200, 5, 1),
(30, 30, '2019-09-02 14:26:42', 19, 5, 1),
(31, 31, '2019-09-02 14:27:33', 1, 5, 1),
(32, 32, '2019-09-02 14:28:04', 5, 5, 1),
(33, 33, '2019-09-02 14:31:53', 9, 5, 1),
(34, 34, '2019-09-02 14:32:46', 7, 5, 1),
(35, 35, '2019-09-02 14:35:35', 7, 5, 1),
(36, 36, '2019-09-02 14:36:26', 11, 5, 1),
(37, 37, '2019-09-02 14:37:18', 18, 5, 1),
(38, 38, '2019-09-02 14:44:05', 18, 5, 1),
(39, 39, '2019-09-02 14:48:26', 4, 5, 1),
(40, 40, '2019-09-02 14:49:37', 9, 5, 1),
(41, 41, '2019-09-03 08:44:41', 19, 5, 1),
(42, 42, '2019-09-03 08:45:45', 2, 5, 1),
(43, 43, '2019-09-03 08:50:24', 13, 5, 1),
(44, 44, '2019-09-03 08:51:10', 14, 5, 1),
(45, 45, '2019-09-03 08:55:39', 13, 5, 1),
(46, 46, '2019-09-03 08:57:22', 9, 5, 1),
(47, 47, '2019-09-03 09:02:37', 10, 5, 1),
(48, 48, '2019-09-03 09:12:08', 40, 5, 1),
(49, 49, '2019-09-03 09:13:24', 10, 5, 1),
(50, 50, '2019-09-03 09:16:27', 10, 5, 1),
(51, 51, '2019-09-03 09:22:46', 4, 5, 1),
(52, 52, '2019-09-03 09:35:34', 1, 5, 1),
(53, 53, '2019-09-03 09:37:00', 5, 5, 1),
(54, 54, '2019-09-03 09:46:40', 2, 5, 1),
(55, 55, '2019-09-03 09:47:34', 1, 5, 1),
(56, 56, '2019-09-03 09:48:30', 2, 5, 1),
(57, 57, '2019-09-03 09:54:16', 2, 5, 1),
(58, 58, '2019-09-03 09:59:35', 1, 5, 1),
(59, 59, '2019-09-03 10:00:47', 2, 5, 1),
(60, 60, '2019-09-03 10:02:22', 1, 5, 1),
(61, 61, '2019-09-03 10:04:36', 2, 5, 1),
(62, 62, '2019-09-03 10:05:16', 2, 5, 1),
(63, 63, '2019-09-03 10:10:20', 27, 5, 1),
(64, 64, '2019-09-03 10:15:30', 9, 5, 1),
(65, 31, '2019-09-03 14:29:25', 23, 5, 1),
(1002, 1006, '2019-09-05 13:12:39', 2, 5, 1),
(1003, 1007, '2019-09-05 13:18:35', 2, 5, 1),
(1004, 1008, '2019-09-05 13:20:00', 23, 5, 1),
(1005, 1009, '2019-09-05 13:21:20', 21, 5, 1),
(1006, 1010, '2019-09-05 13:24:39', 2, 5, 1),
(1007, 1011, '2019-09-05 13:25:31', 2, 5, 1),
(1008, 1012, '2019-09-05 13:26:30', 2, 5, 1),
(1009, 1013, '2019-09-05 13:36:59', 3, 5, 1),
(1010, 1014, '2019-09-05 13:40:29', 4, 5, 1),
(1011, 1015, '2019-09-05 13:44:54', 200, 5, 1),
(1012, 1016, '2019-09-05 13:46:02', 25, 5, 1),
(1013, 1017, '2019-09-05 13:47:30', 75, 5, 1),
(1014, 1018, '2019-09-05 13:48:27', 50, 5, 1),
(1015, 1019, '2019-09-05 13:50:05', 16, 5, 1),
(1016, 1020, '2019-09-05 13:51:43', 12, 5, 1),
(1017, 1021, '2019-09-05 13:54:27', 80, 5, 1),
(1018, 1022, '2019-09-05 13:59:56', 150, 5, 1),
(1019, 1023, '2019-09-05 14:02:06', 169, 5, 1),
(1020, 1024, '2019-09-05 14:04:41', 167, 5, 1),
(1021, 1025, '2019-09-05 14:07:21', 700, 5, 1),
(1022, 1026, '2019-09-05 14:08:47', 400, 5, 1),
(1023, 1027, '2019-09-05 14:10:05', 700, 5, 1),
(1024, 1028, '2019-09-05 14:11:18', 700, 5, 1),
(1025, 1029, '2019-09-05 14:12:52', 300, 5, 1),
(1026, 1030, '2019-09-05 14:13:36', 200, 5, 1),
(1027, 1031, '2019-09-05 14:15:09', 100, 5, 1),
(1028, 1032, '2019-09-05 14:17:58', 100, 5, 1),
(1029, 1033, '2019-09-05 14:21:46', 100, 5, 1),
(1030, 1034, '2019-09-05 14:24:11', 100, 5, 1),
(1031, 1035, '2019-09-05 14:26:12', 350, 5, 1),
(1032, 1036, '2019-09-05 14:27:00', 400, 5, 1),
(1033, 1037, '2019-09-05 14:44:03', 87, 5, 1),
(1034, 1038, '2019-09-05 14:51:18', 172, 5, 1),
(1035, 1039, '2019-09-05 14:53:19', 25, 5, 1),
(1036, 1040, '2019-09-05 14:54:37', 200, 5, 1),
(1037, 1041, '2019-09-05 14:56:35', 75, 5, 1),
(1038, 1042, '2019-09-05 14:59:09', 94, 5, 1),
(1039, 1019, '2019-09-05 15:05:38', 75, 5, 1),
(2037, 2042, '2019-09-19 14:22:07', 16, 8, 1),
(2038, 2043, '2019-09-19 14:24:03', 9, 8, 1),
(2039, 2044, '2019-09-19 14:47:54', 170, 8, 1),
(2040, 2045, '2019-09-19 14:51:07', 40, 8, 1),
(2041, 2046, '2019-09-19 14:58:48', 68, 8, 1),
(2042, 2047, '2019-09-19 15:06:28', 2, 5, 1),
(2043, 2048, '2019-09-19 15:08:47', 2, 5, 1),
(2044, 2049, '2019-09-19 15:19:46', 8, 5, 1),
(2045, 2050, '2019-09-19 15:31:01', 4, 5, 1),
(2046, 2051, '2019-09-19 15:32:06', 4, 5, 1),
(2047, 2052, '2019-09-19 15:32:54', 6, 5, 1),
(2048, 2053, '2019-09-19 15:34:02', 1, 5, 1),
(2049, 2054, '2019-09-19 15:39:38', 10, 5, 1),
(2050, 2054, '2019-09-19 15:40:27', 1, 5, 1),
(2051, 2055, '2019-09-19 15:41:41', 21, 5, 1),
(3039, 36, '2019-09-26 14:25:10', 1, 2, 0),
(4039, 3044, '2019-10-02 09:55:52', 5, 5, 1),
(4040, 3045, '2019-10-02 10:08:04', 2, 5, 1),
(4041, 3046, '2019-10-02 10:20:33', 8, 5, 1),
(4042, 3047, '2019-10-02 10:23:26', 6, 5, 1),
(4043, 3048, '2019-10-02 10:35:45', 2, 5, 1),
(4044, 3049, '2019-10-02 10:37:04', 1, 5, 1),
(4045, 3050, '2019-10-02 10:37:36', 2, 5, 1),
(4046, 3051, '2019-10-02 10:45:57', 2, 5, 1),
(4047, 3052, '2019-10-02 10:46:53', 2, 5, 1),
(4048, 3053, '2019-10-02 14:18:54', 4, 5, 1),
(4049, 3054, '2019-10-02 14:20:55', 7, 5, 1),
(4050, 3055, '2019-10-02 14:21:53', 2, 5, 1),
(4051, 3056, '2019-10-02 14:23:24', 1, 5, 1),
(4052, 3057, '2019-10-02 14:34:00', 39, 5, 1),
(4053, 3058, '2019-10-02 14:42:40', 30, 5, 1),
(4054, 3059, '2019-10-02 14:46:05', 320, 5, 1),
(4055, 3060, '2019-10-02 14:50:48', 80, 5, 1),
(4056, 3061, '2019-10-02 14:55:53', 10, 5, 1),
(4057, 3062, '2019-10-02 15:00:54', 1, 5, 1),
(4058, 3063, '2019-10-02 15:15:16', 1, 5, 1),
(4059, 3064, '2019-10-02 15:16:46', 3, 5, 1),
(4060, 3065, '2019-10-02 15:19:05', 15, 5, 1),
(4061, 3066, '2019-10-11 12:43:45', 100, 5, 1),
(4062, 3067, '2019-10-11 12:46:01', 100, 5, 1),
(4063, 3068, '2019-10-11 12:46:31', 20, 5, 1),
(4064, 3069, '2019-10-11 12:47:20', 90, 5, 1),
(4065, 3070, '2019-10-11 12:47:57', 30, 5, 1),
(4066, 3071, '2019-10-11 12:48:35', 80, 5, 1),
(4067, 3072, '2019-10-11 12:49:04', 50, 5, 1),
(4068, 3073, '2019-10-11 13:00:32', 11, 5, 1),
(4069, 3074, '2019-10-11 13:01:42', 10, 5, 1),
(4070, 3075, '2019-10-11 13:02:26', 10, 5, 1),
(4071, 3076, '2019-10-11 13:02:55', 4, 5, 1),
(4072, 3077, '2019-10-11 13:04:14', 4, 5, 1),
(4073, 3078, '2019-10-11 13:08:55', 19, 5, 1),
(4074, 3079, '2019-10-11 13:09:46', 5, 5, 1),
(4075, 3080, '2019-10-11 13:34:02', 5, 5, 1),
(4076, 3081, '2019-10-11 13:36:26', 10, 5, 1),
(4077, 3082, '2019-10-11 13:41:46', 1, 5, 1),
(4078, 3083, '2019-10-11 13:46:49', 4, 5, 1),
(4079, 3084, '2019-10-11 13:52:39', 42, 5, 1),
(4080, 3085, '2019-10-16 09:54:10', 70, 5, 1),
(4081, 3086, '2019-10-16 09:55:24', 20, 5, 1),
(4082, 3087, '2019-10-16 09:58:37', 1, 5, 1),
(4083, 3088, '2019-10-16 10:02:16', 6, 5, 1),
(4084, 3089, '2019-10-16 10:03:16', 2, 5, 1),
(4085, 3090, '2019-10-16 10:04:40', 4, 5, 1),
(4086, 3091, '2019-10-16 10:09:03', 3, 5, 1),
(4087, 3092, '2019-10-16 10:10:02', 1, 5, 1),
(4088, 3093, '2019-10-16 10:15:13', 4, 5, 1),
(4089, 3094, '2019-10-16 10:18:59', 3, 5, 1),
(4090, 3095, '2019-10-16 10:22:43', 8, 5, 1),
(4091, 3096, '2019-10-16 10:23:29', 7, 5, 1),
(4092, 3097, '2019-10-16 10:27:50', 2, 5, 1),
(4093, 3098, '2019-10-16 10:28:12', 1, 5, 1),
(4094, 3099, '2019-10-16 10:28:46', 2, 5, 1),
(4095, 3100, '2019-10-16 10:29:12', 2, 5, 1),
(4096, 3101, '2019-10-16 10:29:23', 1, 5, 1),
(4097, 3102, '2019-10-16 10:29:39', 3, 5, 1),
(4098, 3103, '2019-10-16 10:34:32', 1, 5, 1),
(4099, 3104, '2019-10-16 10:35:21', 4, 5, 1),
(4100, 3105, '2019-10-16 10:35:50', 2, 5, 1),
(4101, 3106, '2019-10-16 10:39:54', 12, 5, 1),
(4102, 3107, '2019-10-16 10:42:11', 10, 5, 1),
(4103, 3108, '2019-10-16 10:43:17', 10, 5, 1),
(4104, 3109, '2019-10-16 10:47:27', 17, 5, 1),
(4105, 3110, '2019-10-16 10:48:49', 5, 5, 1),
(4106, 3111, '2019-10-16 10:51:20', 10, 5, 1),
(4107, 3112, '2019-10-16 10:53:25', 5, 5, 1),
(4108, 3113, '2019-10-16 10:53:53', 7, 5, 1),
(4109, 3114, '2019-10-16 10:55:22', 20, 5, 1),
(4110, 3115, '2019-10-16 10:56:14', 7, 5, 1),
(4111, 3116, '2019-10-16 10:58:00', 1, 5, 1),
(4112, 3117, '2019-10-18 13:12:08', 100, 11, 1),
(4113, 3118, '2019-10-18 13:26:55', 100, 11, 1),
(4114, 13, '2019-10-24 08:17:23', 1, 7, 0),
(4115, 41, '2019-10-24 08:23:39', 1, 7, 1),
(4116, 43, '2019-10-24 08:25:34', 9, 7, 1),
(4117, 47, '2019-10-24 08:30:20', 18, 7, 1),
(5114, 39, '2019-10-25 10:13:36', 2, 7, 0),
(5115, 1034, '2019-10-26 08:38:35', 6, 8, 0),
(5116, 1011, '2019-10-26 09:40:39', 2, 8, 0),
(5117, 1026, '2019-10-26 13:44:33', 6, 7, 0),
(6114, 1026, '2019-10-27 09:47:12', 40, 8, 0),
(6115, 1029, '2019-10-27 09:47:12', 50, 8, 0),
(6116, 1036, '2019-10-27 09:47:12', 10, 8, 0),
(6117, 1038, '2019-10-27 09:47:12', 20, 8, 0),
(6118, 1042, '2019-10-27 09:47:12', 32, 8, 0),
(6119, 1019, '2019-10-27 09:47:12', 6, 8, 0),
(6120, 1037, '2019-10-27 09:47:12', 2, 8, 0),
(6121, 1013, '2019-10-27 09:47:12', 2, 8, 0),
(7114, 41, '2019-10-30 14:21:44', 2, 8, 0),
(7115, 1037, '2019-10-31 10:56:37', 1, 2, 0),
(7116, 1029, '2019-10-31 11:23:24', 1, 2, 0),
(8114, 1024, '2019-11-02 11:37:51', 10, 7, 0),
(9114, 3119, '2019-11-03 15:12:54', 7, 6, 1),
(9115, 3063, '2019-11-03 15:14:08', 8, 6, 1),
(9116, 3120, '2019-11-03 15:18:11', 2, 6, 1),
(9117, 3121, '2019-11-03 15:20:30', 2, 6, 1),
(9118, 3122, '2019-11-03 15:23:00', 2, 6, 1),
(9119, 3123, '2019-11-03 15:27:31', 2, 6, 1),
(10114, 0, '2019-11-13 07:35:34', 5, 5, 1),
(10115, 4119, '2019-11-13 07:45:20', 5, 5, 1),
(10116, 4120, '2019-11-13 07:46:37', 5, 5, 1),
(10117, 4121, '2019-11-13 07:49:22', 5, 5, 1),
(10118, 4121, '2019-11-13 08:04:27', 2, 5, 0),
(10119, 4121, '2019-11-13 08:05:24', 1, 5, 1),
(10120, 4121, '2019-11-13 08:07:18', 1, 5, 1),
(10127, 4123, '2019-11-14 07:51:46', 2, 5, 1),
(10128, 4124, '2019-11-14 07:55:20', 2, 5, 1),
(10131, 4126, '2019-12-26 10:08:10', 1, 5, 1),
(10134, 4126, '2019-10-26 08:38:35', 1, 5, 1),
(12131, 2, '2020-06-08 13:01:25', 1, 5, 0),
(12132, 4, '2020-06-08 13:01:25', 2, 5, 0),
(12133, 3, '2020-06-08 13:01:25', 5, 5, 0),
(12134, 3, '2020-06-08 13:13:51', 100, 5, 1),
(12135, 4, '2020-06-08 13:17:48', 1, 5, 0),
(12136, 3, '2020-06-08 13:17:48', 5, 5, 0),
(12137, 2, '2020-06-08 13:17:48', 9, 5, 0),
(13131, 3058, '2020-06-17 12:24:21', 5, 5, 0),
(13132, 3053, '2020-06-17 12:24:21', 2, 5, 0),
(13133, 5125, '2020-08-18 08:33:13', 1, 5, 1),
(13134, 5125, '2020-08-18 10:03:49', 1, 5, 1),
(13135, 32, '2020-08-18 10:04:19', 1, 5, 1),
(13136, 5126, '2020-08-18 10:24:47', 5, 5, 1),
(14133, 30, '2020-08-18 15:31:45', 1, 5, 1),
(14134, 32, '2020-08-18 15:31:57', 1, 5, 1),
(14135, 31, '2020-08-18 15:32:11', 1, 5, 1),
(14136, 6126, '2020-08-18 15:37:03', 1, 5, 1),
(14137, 6127, '2020-08-19 07:09:09', 8, 5, 1),
(14138, 6128, '2020-08-19 07:13:50', 11, 5, 1),
(14139, 6129, '2020-08-19 07:14:50', 4, 5, 1),
(14140, 6130, '2020-08-19 07:15:11', 1, 5, 1),
(14141, 6131, '2020-08-19 07:19:07', 2, 5, 1),
(14142, 6132, '2020-08-19 07:20:10', 3, 5, 1),
(14143, 6132, '2020-08-21 12:19:28', 1, 5, 0);

-- --------------------------------------------------------

--
-- Структура таблицы `img_ava`
--

CREATE TABLE `img_ava` (
  `id` int NOT NULL,
  `img_tmp` varchar(15) NOT NULL,
  `img_name` varchar(15) NOT NULL
) ENGINE=InnoDB DEFAULT CHARSET=utf8mb4 COLLATE=utf8mb4_general_ci;

--
-- Дамп данных таблицы `img_ava`
--

INSERT INTO `img_ava` (`id`, `img_tmp`, `img_name`) VALUES
(1, 'img\\avatar\\', '123.jpg');

-- --------------------------------------------------------

--
-- Структура таблицы `login`
--

CREATE TABLE `login` (
  `id` int NOT NULL,
  `amei` int NOT NULL,
  `pass` varchar(50) NOT NULL,
  `people_id` int NOT NULL
) ENGINE=InnoDB DEFAULT CHARSET=utf8mb4 COLLATE=utf8mb4_general_ci;

--
-- Дамп данных таблицы `login`
--

INSERT INTO `login` (`id`, `amei`, `pass`, `people_id`) VALUES
(1, 123, '1234', 6);

-- --------------------------------------------------------

--
-- Структура таблицы `login_img`
--

CREATE TABLE `login_img` (
  `loginAMEI` int NOT NULL,
  `imgId` int NOT NULL
) ENGINE=InnoDB DEFAULT CHARSET=utf8mb4 COLLATE=utf8mb4_general_ci;

--
-- Дамп данных таблицы `login_img`
--

INSERT INTO `login_img` (`loginAMEI`, `imgId`) VALUES
(123, 1);

-- --------------------------------------------------------

--
-- Структура таблицы `materials`
--

CREATE TABLE `materials` (
  `id` int NOT NULL,
  `name_mat` text CHARACTER SET utf8 COLLATE utf8_unicode_ci NOT NULL,
  `bar_code` varchar(50) NOT NULL,
  `categor` int NOT NULL,
  `min` int NOT NULL,
  `max` int NOT NULL,
  `ei_id` int NOT NULL,
  `ozm` int NOT NULL,
  `deleted_mat` int NOT NULL,
  `message` varchar(100) NOT NULL
) ENGINE=InnoDB DEFAULT CHARSET=utf8mb4 COLLATE=utf8mb4_general_ci;

--
-- Дамп данных таблицы `materials`
--

INSERT INTO `materials` (`id`, `name_mat`, `bar_code`, `categor`, `min`, `max`, `ei_id`, `ozm`, `deleted_mat`, `message`) VALUES
(2, 'Сальник кабельный PG9', '10111128', 1014, 100, 300, 1, 656871, 0, ''),
(3, 'Сальник кабельный PG11', '1011298', 1014, 100, 300, 1, 656872, 0, ''),
(4, 'Сальник кабельный PG13.5', '1011399', 1014, 100, 200, 1, 656873, 0, ''),
(5, 'Сальник кабельный PG21', '1011499', 1014, 100, 300, 1, 656874, 0, ''),
(6, 'Сальник кабельный PG29', '10115107', 1014, 50, 100, 1, 656876, 0, ''),
(7, 'Кабель экранированный 6XV1830-0EH10', '6XV1830-0EH10', 3010, 200, 400, 2, 593121, 0, ''),
(8, 'Сальник кабельный PG16', '10117103', 1014, 100, 200, 1, 656874, 0, ''),
(9, 'ДАТЧИК BALLUFF BHSB 249V-PSCD25-S04C', '134161', 1015, 10, 30, 1, 591220, 0, ''),
(10, 'ДАТЧИК BALLUFF BHSB 135V-PSCD25-S04C', '134177N', 1015, 10, 30, 1, 591199, 0, ''),
(11, 'Реле-давления Kromschoder DG150B-3K', '101110126', 1015, 2, 6, 1, 618424, 0, ''),
(12, 'Реле-давления Kromschoder DG500B-3K', '101111126', 1015, 2, 6, 1, 618425, 0, ''),
(13, 'Датчик Telemecanique XS8D1A1PAM12', '3389110142815', 1015, 5, 20, 1, 599867, 0, ''),
(16, 'Блок питания стабилизир. 6EP1436-3BA00', '1P6EP1436-3BA00', 3011, 2, 4, 1, 566345, 0, ''),
(17, 'Источник питания SITOP 400V6EP1457-3BA00', '1P6EP1457-3BA00', 3011, 2, 4, 1, 594580, 0, ''),
(18, 'Блок питания стабилизир. 6EP1437-3BA00', '1P6EP1437-3BA00', 3011, 2, 5, 1, 566345, 0, ''),
(19, 'Датчик BX80A/3P-1H', 'BX80A/3P-1H', 1015, 5, 10, 1, 636986, 0, ''),
(20, 'Датчик BX80B/3P-1H', 'BX80B/3P-1H', 1015, 5, 10, 1, 636987, 0, ''),
(21, 'Датчик BX80S/30-1H', 'BX80S/30-1H', 1015, 5, 10, 1, 636984, 0, ''),
(22, 'Кабель UNITRONIC LAN1200S/FTP Cat.7A LSZH', '101121162', 3010, 50, 100, 2, 261071, 0, ''),
(23, 'Рукав термозащитный Pyrojacket FQ-PJ-013', '101122100', 1017, 50, 200, 2, 599543, 0, ''),
(24, 'Шина проф.L480mm 6ES7390-1AE80-0AA0', '1P6ES7390-1AE80-0AA0', 3013, 2, 10, 1, 649672, 0, ''),
(25, 'Сенсор IFM MK5100', '10112496', 1015, 5, 20, 1, 591233, 0, ''),
(26, 'Реле LZS:RT4D4T30', '4011209674752', 3014, 5, 20, 1, 660583, 0, ''),
(27, 'Реле 4Р LZX:PT570024', '4011209568624', 3014, 15, 50, 1, 648606, 0, ''),
(28, 'Реле 4Р LZX:PT570730', '4011209568655', 3014, 15, 50, 1, 648607, 0, ''),
(30, 'Клеммы на 5 проводов WAGO 222-415', '4044918464956', 1009, 5, 20, 1, 591425, 0, ''),
(31, 'Клеммы на 2 провода WAGO 222-412', '4050821346470', 1009, 5, 10, 1, 591431, 0, ''),
(32, 'Клеммы на 3 провода WAGO 222-413', '4017332955676', 1009, 5, 10, 1, 591429, 0, ''),
(33, 'Коннектор IFM EVC008', '101132104', 3015, 5, 15, 1, 591214, 0, ''),
(34, 'Коннектор IFM EVC002', '10113398', 3015, 5, 15, 1, 591212, 0, ''),
(35, 'Розетка щитовая M1175 с защит. кр.', '8012542029052', 3016, 5, 15, 1, 267636, 0, ''),
(36, 'Розетка щитовая M1173', '8012542004103', 3016, 5, 15, 1, 267637, 0, ''),
(37, 'Коннектор IFM EVC009', '4021179021302', 3015, 5, 20, 1, 614984, 0, ''),
(38, 'Реле LZS:RT314024', '9004839015489', 3014, 5, 25, 1, 660583, 0, ''),
(39, 'Индикатор C№3SB3244-6AA30', '4011209521872', 3017, 5, 15, 1, 587746, 0, ''),
(41, 'Кнопка SIEMENS C№3SB3647-0AA71', '4011209523166', 3018, 5, 20, 1, 586413, 0, ''),
(42, 'Кнопка SIEMENS C№3SB3601-0AA11', '4011209411326', 3018, 5, 20, 1, 586417, 0, ''),
(43, 'Кнопка аварийного останова 3SB3000-1HA20', '4011209243231', 3018, 5, 20, 1, 533239, 0, ''),
(44, 'Переключатель 3SB3608-2TA11', '754554597744', 3019, 5, 20, 1, 667663, 0, ''),
(45, 'Переключатель 3SB3608-2SA11', '4011209450752', 3019, 5, 20, 1, 667393, 0, ''),
(46, 'Переключатель 3SB3601-2PA11', '4011209439627', 3019, 5, 20, 1, 667263, 0, ''),
(47, 'Корпус защитный 3SB3921-0AK', '4011209359079', 3020, 5, 15, 1, 660591, 0, ''),
(48, 'Разъем SIEMENS C№3SB3400-0E', '4011209159754', 3021, 10, 50, 1, 586445, 0, ''),
(50, 'Модуль OLM/G12 6GK1503-3CB00', '1P6GK1503-3CB00', 3022, 5, 15, 1, 635139, 0, ''),
(51, 'Энкодер абсолютный С№620917-01', '620917-01', 3023, 2, 4, 1, 584891, 0, ''),
(52, 'Флянец IFM E43201', '4021179057400', 3024, 3, 4, 1, 677492, 0, ''),
(53, 'Датчик давления РТ3553 IFM', '101152147', 1015, 5, 15, 1, 662030, 0, ''),
(54, 'Выключатель 3RV2021-1GA10', '4011209902886', 2009, 3, 6, 1, 660617, 0, ''),
(55, 'Автомат С№3RV1021-1JA10', '4011209281189', 2009, 3, 6, 1, 584914, 0, ''),
(56, 'Автомат С№3RV1021-1CA10', '4011209281127', 2009, 3, 6, 1, 584897, 0, ''),
(57, 'Автомат С№3RV1021-1EA15 Автомат.выклч.2,8A....4 A', '4011209382015', 2009, 3, 6, 1, 566648, 0, ''),
(58, 'Автомат С№3RV1021-1DA10', '4011209281134', 2009, 3, 6, 1, 584910, 0, ''),
(59, 'Автомат С№3RV1031-4GA10', '4011209287181', 2009, 3, 6, 1, 586939, 0, ''),
(60, 'Автомат С№3RV1031-4DA10', '4011209287020', 2009, 3, 6, 1, 586935, 0, ''),
(61, 'Автомат С№3RV1031-4EA10', '4011209287037', 2009, 3, 6, 1, 586936, 0, ''),
(62, 'Выключатель автомат. 3RV1031-4FA10', '4011209287044', 2009, 3, 6, 1, 566723, 0, ''),
(63, 'Автомат 2,2-3,2А SIEMENS C№3RV1021-1DA15', '4011209382008', 2009, 10, 30, 1, 586267, 0, ''),
(64, 'MEDIA CONVERTER AT-MC102XL', 'AT-MC102XL-20', 3025, 5, 10, 1, 574495, 0, ''),
(1006, 'Наконечник WAGO 216-203  (1мм) x100', '10116499', 1009, 2, 5, 1, 615677, 0, ''),
(1007, 'Наконечник PhoenixContact (4мм) х100', '4017918094508', 1009, 2, 5, 1, 0, 0, ''),
(1008, 'Наконечник PhoenixContact (2,5мм) х100', '4017918094515', 1009, 5, 25, 1, 0, 0, ''),
(1009, 'Наконечник WAGO 216-266 (2,5мм) х100', '1011100896', 1009, 5, 25, 1, 591414, 0, ''),
(1010, 'Наконечник PhoenixContact (10мм) х100', '4017918094164', 1009, 2, 15, 1, 0, 0, ''),
(1011, 'Наконечник PhoenixContact (6мм) х100', '4017918094157', 1009, 2, 15, 1, 0, 0, ''),
(1012, 'Наконечник PhoenixContact (0,75мм) х1000', '4017918094447', 1009, 2, 15, 1, 0, 0, ''),
(1013, 'Перемычка WAGO 281-402 x25', '01068511103491902046', 1009, 2, 15, 1, 617714, 0, ''),
(1015, 'Клемма WAGO 280-833 x50', '101110141131', 1009, 50, 200, 1, 666822, 0, ''),
(1016, 'Клемма WAGO 280-837 x25', '101110151131', 1009, 25, 200, 1, 666826, 0, ''),
(1017, 'Клемма WAGO 280-580 x25', '101110161131', 1009, 25, 200, 1, 599889, 0, ''),
(1018, 'Клемма WAGO 280-560 x50', '101110171131', 1009, 50, 200, 1, 599888, 0, ''),
(1019, 'Заглушка WAGO 280-309', '03527028003090089380', 1009, 25, 100, 1, 666820, 0, ''),
(1020, 'Заглушка WAGO 249-116', '10111019103', 1009, 25, 100, 1, 666830, 0, ''),
(1021, 'Клемма Жёлтая', '82-00001593-00-01', 1009, 100, 200, 1, 0, 0, ''),
(1022, 'Заглушки WAGO 280-315 x25', '03417028003150088132', 1009, 50, 200, 1, 666827, 0, ''),
(1023, 'Заглушки WAGO 280-314 x25', '03197028003140085577', 1009, 50, 200, 1, 666828, 0, ''),
(1024, 'Стопор WAGO 249-116 (25шт)', '03287024901161721039', 1009, 50, 200, 1, 666830, 0, ''),
(1025, 'Клемма WAGO 280-901 (100шт)', '00508511213851872621', 1009, 100, 999, 1, 666816, 0, ''),
(1026, 'Клемма WAGO 280-902 (100шт)', '00508511213911872625', 1009, 100, 999, 1, 0, 0, ''),
(1027, 'Клемма WAGO 280-835 (100шт)', '03557511144991791733', 1009, 100, 999, 1, 666824, 0, ''),
(1028, 'Клемма WAGO 280-834 (100шт)', '00808511144971887573', 1009, 100, 999, 1, 666823, 0, ''),
(1029, 'Клемма WAGO 280-904 (100шт)', '03347511213991781414', 1009, 100, 400, 1, 666818, 0, ''),
(1030, 'Клемма WAGO 280-837 (100шт)', '01018511622641879777', 1009, 100, 400, 1, 666826, 0, ''),
(1031, 'Перемычка WAGO 280-409', '00798511135071875864', 1009, 100, 200, 1, 617713, 0, ''),
(1033, 'Клемник WAGO 2001-1404', '00305200114041031340', 1009, 100, 200, 1, 591411, 0, ''),
(1034, 'Клемма WAGO 280-833 (100шт)', '01098511144931900317', 1009, 100, 200, 1, 666822, 0, ''),
(1035, 'Клемма WAGO 281-601', '00118511308051829237', 1009, 50, 200, 1, 617702, 0, ''),
(1036, 'Клемма WAGO 281-604', '00548511308091872559', 1009, 50, 200, 1, 617703, 0, ''),
(1037, 'Заглушка WAGO 281-316', '00648028103161869226', 1009, 25, 200, 1, 617643, 0, ''),
(1038, 'Клемма WAGO 280-907 (100шт)', '00728511622661857640', 1009, 100, 200, 1, 666808, 0, ''),
(1039, 'Клемма WAGO 283-601', '00435512551530094622', 1009, 25, 100, 1, 617706, 0, ''),
(1040, 'Клемма WAGO 280-602 (100шт)', '00937511277031524840', 1009, 100, 200, 1, 617701, 0, ''),
(1041, 'Заглушка WAGO 281-317', '00678028103171881260', 1009, 25, 200, 1, 617642, 0, ''),
(1042, 'Заглушка WAGO 280-308', '03407028003080087860', 1009, 25, 200, 1, 608166, 0, ''),
(2042, 'Наконечник WAGO 216-267 (4мм) x100', '1011104296', 1009, 5, 20, 1, 594192, 0, ''),
(2043, 'Наконечник WAGO 216-264 (1,5мм) x100', '1011204296', 1009, 5, 20, 1, 594194, 0, ''),
(2044, 'Разъём mpm h=25mm', '10112043218', 1018, 20, 200, 1, 0, 0, ''),
(2045, 'Разъём mpm h=30mm', '10112044218', 1018, 10, 50, 1, 0, 0, ''),
(2046, 'Разъём gdm h=30mm', '10112045218', 1018, 20, 100, 1, 0, 0, ''),
(2047, 'EncoderGateway 734387-01', '1011204697', 3023, 1, 3, 1, 0, 0, ''),
(2048, 'Энкодер Elcis 9905064', '10112047106', 3023, 1, 2, 1, 0, 0, ''),
(2049, 'Реле LZS:RT4D4L24', '4011209674738', 3014, 2, 10, 1, 0, 0, ''),
(2050, 'TOP Connect TP2-8bit P', '1P6ES7924-0BB20-0AC0', 3015, 4, 10, 1, 0, 0, ''),
(2051, 'TOP Connect TP3-8bit P', '1P6ES7924-0CA20-0AC0', 3015, 4, 10, 1, 585995, 0, ''),
(2052, 'TOP Connect TPA-16Pol P', '1P6ES7924-0CC21-0AC0', 3015, 4, 10, 1, 621049, 0, ''),
(2053, 'TOP Connect TPRo-8bit S', '1P6ES7924-0BD20-0BA0', 3015, 1, 4, 1, 585997, 0, ''),
(2054, 'BUS Connector 6ES7972-0BA52-0XA0', '1P6ES7972-0BA52-0XA0', 3015, 6, 12, 1, 587686, 0, ''),
(2055, 'BUS Connector 6ES7972-0BB52-0XA0', '1P6ES7972-0BB52-0XA0', 3015, 6, 26, 1, 587687, 0, ''),
(3044, 'Блок питания 6EP1333-2BA20', '1P6EP1333-2BA20', 3011, 2, 5, 1, 659272, 0, ''),
(3045, 'Модуль OBT 6GK1 500-3AA10', '1P6GK1500-3AA10', 3022, 2, 5, 1, 0, 0, ''),
(3046, 'ДАТЧИК BALLUFF BES 516-300-S 144-S4-D', '553584U', 1015, 2, 10, 1, 0, 0, ''),
(3047, 'Сенсор IFM PT5503', '1011304699', 1015, 5, 10, 1, 0, 0, ''),
(3048, 'Автомат С№3RV1021-1EA10', '09281141', 2009, 2, 5, 1, 626849, 0, ''),
(3049, 'Автомат С№3RV2021-1HA10', '4011209902893', 2009, 2, 5, 1, 697132, 0, ''),
(3050, 'Автомат С№3RV1011-0HA10', '4011209263499', 2009, 2, 5, 1, 586916, 0, ''),
(3051, 'Автомат С№3RV1021-1EA10', '4011209281141', 2009, 2, 5, 1, 626849, 0, ''),
(3052, 'Автомат С№3RV1011-1BA10', '4011209263536', 2009, 2, 5, 1, 595301, 0, ''),
(3053, 'Автомат EATON PL6-C2/3', '1011305298', 2009, 2, 5, 1, 0, 0, ''),
(3054, 'Автомат BA 47-29 C40/3', '1011305398', 2009, 5, 10, 1, 0, 0, ''),
(3055, 'Автомат Moeller PL6 C2/3', '1011305498', 2009, 2, 5, 1, 602669, 0, ''),
(3056, 'Автомат BA 47-29 C16/2', '1011305597', 2009, 2, 10, 1, 0, 0, ''),
(3057, 'Замок RITTAL SZ 2576', '4028177028364', 4009, 15, 40, 1, 660803, 0, ''),
(3058, 'Замок RITTAL SZ 2420', '1011305798', 4009, 10, 40, 1, 660804, 0, ''),
(3059, 'Органайзер Icotek 32228', '4251269300868', 3013, 50, 400, 1, 686023, 0, ''),
(3060, 'Светодиод Siemens 3SB3400-1PE', '4011209501300', 3017, 20, 100, 1, 586453, 0, ''),
(3061, 'Светодиод Siemens 3SB3400-1PA', '4011209501270', 3017, 10, 100, 1, 0, 0, ''),
(3062, 'Кнопка SIEMENS C№3SB3601-0AA51', '4011209411364', 3017, 5, 10, 1, 586418, 0, ''),
(3063, 'Кнопка аварийного останова 3SB3000-2JA20', '4011209278448', 3018, 5, 10, 1, 0, 0, ''),
(3064, 'Ключ бирка 3SB3500-4PD11', '4011209413214', 3018, 5, 10, 1, 586426, 0, ''),
(3065, 'Разъем SIEMENS C№3SB3400-0D', '4011209159747', 3021, 5, 20, 1, 586444, 0, ''),
(3066, 'Органайзер Icotek 32224', '4251269300844', 3013, 20, 150, 1002, 686024, 0, ''),
(3067, 'Органайзер Icotek 32232', '4251269300882', 3013, 20, 150, 1002, 686022, 0, ''),
(3068, 'Органайзер Icotek 32352', '4251269301254', 3013, 20, 150, 1002, 686020, 0, ''),
(3069, 'Органайзер Icotek 32236', '4251269300905', 3013, 20, 150, 1002, 686021, 0, ''),
(3070, 'Органайзер Icotek 32358', '4251269301315', 3013, 20, 150, 1002, 685998, 0, ''),
(3071, 'Органайзер Icotek 32354', '4251269301278', 3013, 20, 150, 1002, 686019, 0, ''),
(3072, 'Органайзер Icotek 32356', '4251269301292', 3013, 20, 150, 1002, 685999, 0, ''),
(3073, 'Кабельные бирки PhoenixContact 5/18 x50', '10113072101', 4010, 5, 15, 1, 0, 0, ''),
(3074, 'Кабельные бирки PhoenixContact 5/30 x50', '10113073101', 4010, 5, 15, 1, 0, 0, ''),
(3075, 'Кабельные бирки PhoenixContact 8/15 x100', '1011307496', 4010, 5, 15, 1, 0, 0, ''),
(3076, 'Кабельные бирки PhoenixContact 5/15 x200', '1011307596', 4010, 5, 15, 1, 0, 0, ''),
(3077, 'Кабельные бирки PhoenixContact 3/12 x500', '1011307696', 4010, 5, 15, 1, 0, 0, ''),
(3078, 'Рефлектор TS-02/1m', '10113077158', 4011, 5, 20, 1, 599610, 0, ''),
(3079, 'Катафота', '101130782162', 4011, 5, 20, 1, 591217, 0, ''),
(3080, 'Защита кромок', '101130792168', 4011, 1, 5, 1, 661524, 0, ''),
(3081, 'Защитный колпачёк', '4021179057530', 4011, 5, 20, 1002, 0, 0, ''),
(3082, 'Термопара PT100 zl F 0,3', '0248914301018170', 1015, 3, 10, 1, 0, 0, ''),
(3083, 'Фильтр алюминевый', '101130822180', 4012, 2, 10, 1, 0, 0, ''),
(3084, 'Фильтр поролоновый x3', '10113083171', 4012, 10, 50, 1002, 0, 0, ''),
(3085, 'Термоусадка samitube d=1,5mm', '10113084218', 4013, 10, 100, 2, 0, 0, ''),
(3086, 'Термоусадка samitube d=3mm', '10113085218', 4013, 5, 50, 2, 0, 0, ''),
(3087, 'Switch HP ProCurve 24ports', 'CN744FW0X1', 4014, 1, 2, 1, 0, 0, ''),
(3088, 'PhoenixContact', '1116963571', 3025, 2, 10, 1, 0, 0, ''),
(3089, 'D-link', 'QBIO1E1001714', 3025, 2, 5, 1, 0, 0, ''),
(3090, 'Rittal SK3325 207', '10113089103', 4012, 2, 5, 1, 0, 0, ''),
(3091, 'HMD Delta', '10113090213', 1015, 1, 5, 1, 0, 0, ''),
(3092, 'Калибровочная лампа Delta', '10113091213', 3017, 1, 1, 1, 0, 0, ''),
(3093, 'Линейный Энкодер Temposonics 400mm', '16231371', 3017, 1, 5, 1, 0, 0, ''),
(3094, 'Линейный Энкодер Temposonics 1000mm', '16231367', 3017, 1, 5, 1, 0, 0, ''),
(3095, 'Коаксиальная трубка IFM E43213', '10113094100', 3020, 2, 10, 1, 0, 0, ''),
(3096, 'Зонт IFM E43205', '10113095101', 1015, 2, 10, 1, 0, 0, ''),
(3097, 'Зонт IFM E43207', '10113096103', 1015, 2, 10, 1, 0, 0, ''),
(3098, 'Зонт IFM E43208', '10113097104', 1015, 2, 10, 1, 0, 0, ''),
(3099, 'Коаксиальная трубка IFM E43214', '10113098101', 3020, 2, 10, 1, 0, 0, ''),
(3100, 'Коаксиальная трубка IFM E43215', '10113099102', 3020, 2, 10, 1, 0, 0, ''),
(3101, 'Коаксиальная трубка IFM E43216', '10113100103', 3020, 2, 10, 1, 0, 0, ''),
(3102, 'Коаксиальная трубка IFM E43223', '10113101101', 3020, 2, 10, 1, 0, 0, ''),
(3103, 'Клемная коробка Rittal 150x150x120', '4028177251663', 4015, 2, 5, 1, 0, 0, ''),
(3104, 'Клемная коробка Rittal 200x200x120', '4028177251700', 4015, 2, 5, 1, 0, 0, ''),
(3105, 'Клемная коробка Rittal 200x300x155', '4028177252028', 4015, 2, 5, 1, 0, 0, ''),
(3106, 'Кабельный лоток Mutlusan 40x80', '10113105104', 4016, 5, 20, 1, 0, 0, ''),
(3107, 'Кабельный лоток Rittal 60x10', '1011310697', 4016, 5, 20, 1, 0, 0, ''),
(3108, 'Кабельный лоток 30x10', '1011310797', 4016, 5, 20, 1, 0, 0, ''),
(3109, 'Кабельный лоток Mutlusan 25x40', '10113108100', 4016, 5, 20, 1, 0, 0, ''),
(3110, 'Кабельный лоток Rittal 50x100', '1011310996', 4016, 5, 10, 1, 0, 0, ''),
(3111, 'Дин рейка', '101131102154', 3013, 5, 10, 1, 0, 0, ''),
(3112, 'Кабельный лоток 60x80', '10113111104', 4016, 5, 10, 1, 0, 0, ''),
(3113, 'Кабельный лоток 40x40', '10113112100', 4016, 5, 10, 1, 0, 0, ''),
(3114, 'Кабельный лоток Mutlusan 40x40', '10113113100', 4016, 5, 20, 1, 0, 0, ''),
(3115, 'Кабельный лоток 40x60', '10113114102', 4016, 5, 10, 1, 0, 0, ''),
(3116, 'Шкаф Rittal', '10113115205', 4017, 1, 2, 1, 0, 0, ''),
(3117, 'Перемычка WAGO 280-402', '4044918446624', 1009, 100, 200, 1, 0, 0, ''),
(3118, 'Перемычка WAGO 281-409', '4044918255325', 1009, 100, 200, 1, 0, 0, ''),
(3119, 'Пускатель 3RT1036-1AP04', '4011209307780', 4018, 5, 10, 1, 584842, 0, ''),
(3120, 'Пускатель 15кВт 4-32А 3RA6120-1EP34 комп', '4011209714694', 4018, 2, 10, 1, 594556, 0, ''),
(3121, 'Пускатель 5,5кВт 3-12A 3RA6120-1CP34 ком', '4011209714434', 4018, 2, 10, 1, 594555, 0, ''),
(3122, 'Пускатель 1,5кВт 1-4А 3RA6120-1CP34 комп', '4011209714113', 4018, 2, 10, 1, 594554, 0, ''),
(3123, 'Пускатель 1,5кВт 1-4А 3RA6250-1CP34ревер', '4011209715516', 4018, 2, 10, 1, 593557, 0, ''),
(4122, 'Тестовый материал', '101131232155', 2009, 5, 15, 1, 1111111111, 0, ''),
(4123, 'Автомат 12A 400V Siemens 3RV1011-1KA10', '4011209263703', 2009, 2, 10, 1, 574583, 0, ''),
(4124, 'Энкодер 6FX2001-3CC50', '1P6FX2001-3CC50', 3023, 2, 10, 1, 696331, 0, ''),
(4125, 'Двигатель АИР 315 S2', '000000', 5018, 1, 5, 1, 7654321, 0, ''),
(4126, 'Двигатель SK 200XH/4 B5 A400 IP66 TF', '111111', 5018, 1, 5, 1, 5462346, 0, ''),
(5125, 'Flamingo SH800', '4924492413345', 6018, 5, 20, 1, 111111111, 0, ''),
(5126, 'HP PS/2 KB Win8 HM', '672646-253', 6019, 1, 5, 1, 111111111, 0, ''),
(6126, 'Барабан 32A CF232A', '889894797483', 7018, 5, 10, 1, 1111111, 0, ''),
(6127, 'Светодиодная лампа GLDEN WA 60', '4630031860951', 7019, 5, 25, 1, 111111111, 0, ''),
(6128, 'Defender Optimum MB-160', '4714033521604', 7020, 1, 5, 1, 111111111, 0, ''),
(6129, 'Defender Optimum MB-270', '4714033522700', 7020, 1, 5, 1, 111111111, 0, ''),
(6130, 'Defender Optimum MB-140', '4714033521406', 7020, 1, 5, 1, 111111111, 0, ''),
(6131, 'Defender DFS 605 (5м)', '4712279994084', 7021, 1, 5, 1, 111111111, 0, ''),
(6132, 'Defender DFS 153 (3м)', '4714033994903', 7021, 1, 5, 1, 111111111, 0, '');

-- --------------------------------------------------------

--
-- Структура таблицы `material_objects`
--

CREATE TABLE `material_objects` (
  `id` int NOT NULL,
  `id_mat` int NOT NULL,
  `id_box` int NOT NULL,
  `qty` int NOT NULL,
  `id_polka` int DEFAULT NULL,
  `status` int NOT NULL,
  `mesto_wh` int DEFAULT NULL,
  `mesto_cex` int DEFAULT NULL,
  `mesto_agregat` int DEFAULT NULL,
  `mesto_hran` int DEFAULT NULL,
  `mesto_rem_ploshadka` int DEFAULT NULL,
  `mesto_agregat_uzel` int DEFAULT NULL,
  `mesto` int DEFAULT NULL,
  `inv_num` int NOT NULL,
  `serial_num` int NOT NULL,
  `carantin` int NOT NULL
) ENGINE=InnoDB DEFAULT CHARSET=utf8mb4 COLLATE=utf8mb4_general_ci;

--
-- Дамп данных таблицы `material_objects`
--

INSERT INTO `material_objects` (`id`, `id_mat`, `id_box`, `qty`, `id_polka`, `status`, `mesto_wh`, `mesto_cex`, `mesto_agregat`, `mesto_hran`, `mesto_rem_ploshadka`, `mesto_agregat_uzel`, `mesto`, `inv_num`, `serial_num`, `carantin`) VALUES
(1310, 2, 1, 90, 0, 1, 1, 0, 0, 1, 0, 0, 1, 0, 0, 0),
(1311, 3, 1, 190, 0, 1, 1, 0, 0, 1, 0, 0, 1, 0, 0, 0),
(1312, 4, 1, 97, 0, 1, 1, 0, 0, 1, 0, 0, 1, 0, 0, 0),
(1313, 5, 3, 260, 0, 1, 1, 0, 0, 1, 0, 0, 3, 0, 0, 0),
(1314, 6, 2, 90, 0, 1, 1, 0, 0, 1, 0, 0, 2, 0, 0, 0),
(1315, 7, 7, 202, 0, 1, 1, 0, 0, 1, 0, 0, 7, 0, 0, 0),
(1316, 8, 2, 180, 0, 1, 1, 0, 0, 1, 0, 0, 2, 0, 0, 0),
(1317, 9, 29, 13, 0, 1, 1, 0, 0, 1, 0, 0, 29, 0, 0, 0),
(1318, 10, 29, 11, 0, 1, 1, 0, 0, 1, 0, 0, 29, 0, 0, 0),
(1319, 11, 32, 2, 0, 1, 1, 0, 0, 1, 0, 0, 32, 0, 0, 0),
(1320, 12, 32, 2, 0, 1, 1, 0, 0, 1, 0, 0, 32, 0, 0, 0),
(1321, 13, 32, 1, 0, 1, 1, 0, 0, 1, 0, 0, 32, 0, 0, 0),
(1322, 16, 26, 6, 0, 1, 1, 0, 0, 1, 0, 0, 26, 0, 0, 0),
(1323, 17, 27, 1, 0, 1, 1, 0, 0, 1, 0, 0, 27, 0, 0, 0),
(1324, 18, 27, 2, 0, 1, 1, 0, 0, 1, 0, 0, 27, 0, 0, 0),
(1325, 19, 31, 9, 0, 1, 1, 0, 0, 1, 0, 0, 31, 0, 0, 0),
(1326, 20, 31, 7, 0, 1, 1, 0, 0, 1, 0, 0, 31, 0, 0, 0),
(1327, 21, 31, 5, 0, 1, 1, 0, 0, 1, 0, 0, 31, 0, 0, 0),
(1328, 22, 14, 93, 0, 1, 1, 0, 0, 1, 0, 0, 14, 0, 0, 0),
(1329, 23, 21, 150, 0, 1, 1, 0, 0, 1, 0, 0, 21, 0, 0, 0),
(1330, 24, 77, 1, 0, 1, 1, 0, 0, 1, 0, 0, 77, 0, 0, 0),
(1331, 25, 30, 7, 0, 1, 1, 0, 0, 1, 0, 0, 30, 0, 0, 0),
(1332, 26, 22, 6, 0, 1, 1, 0, 0, 1, 0, 0, 22, 0, 0, 0),
(1333, 27, 23, 46, 0, 1, 1, 0, 0, 1, 0, 0, 23, 0, 0, 0),
(1334, 28, 23, 48, 0, 1, 1, 0, 0, 1, 0, 0, 23, 0, 0, 0),
(1335, 30, 15, 56, 0, 1, 1, 0, 0, 1, 0, 0, 15, 0, 0, 0),
(1336, 31, 17, 22, 0, 1, 1, 0, 0, 1, 0, 0, 17, 0, 0, 0),
(1337, 32, 16, 29, 0, 1, 1, 0, 0, 1, 0, 0, 16, 0, 0, 0),
(1338, 33, 33, 9, 0, 1, 1, 0, 0, 1, 0, 0, 33, 0, 0, 0),
(1339, 34, 33, 7, 0, 1, 1, 0, 0, 1, 0, 0, 33, 0, 0, 0),
(1340, 35, 40, 6, 0, 1, 1, 0, 0, 1, 0, 0, 40, 0, 0, 0),
(1341, 36, 40, 7, 0, 1, 1, 0, 0, 1, 0, 0, 40, 0, 0, 0),
(1342, 37, 34, 19, 0, 1, 1, 0, 0, 1, 0, 0, 34, 0, 0, 0),
(1343, 38, 23, 18, 0, 1, 1, 0, 0, 1, 0, 0, 23, 0, 0, 0),
(1344, 39, 43, 2, 0, 1, 1, 0, 0, 1, 0, 0, 43, 0, 0, 0),
(1345, 41, 44, 18, 0, 1, 1, 0, 0, 1, 0, 0, 44, 0, 0, 0),
(1346, 42, 44, 1, 0, 1, 1, 0, 0, 1, 0, 0, 44, 0, 0, 0),
(1347, 43, 46, 18, 0, 1, 1, 0, 0, 1, 0, 0, 46, 0, 0, 0),
(1348, 44, 45, 14, 0, 1, 1, 0, 0, 1, 0, 0, 45, 0, 0, 0),
(1349, 45, 45, 11, 0, 1, 1, 0, 0, 1, 0, 0, 45, 0, 0, 0),
(1350, 46, 45, 9, 0, 1, 1, 0, 0, 1, 0, 0, 45, 0, 0, 0),
(1351, 47, 45, 28, 0, 1, 1, 0, 0, 1, 0, 0, 45, 0, 0, 0),
(1352, 48, 46, 40, 0, 1, 1, 0, 0, 1, 0, 0, 46, 0, 0, 0),
(1353, 50, 25, 10, 0, 1, 1, 0, 0, 1, 0, 0, 25, 0, 0, 0),
(1354, 51, 20, 4, 0, 1, 1, 0, 0, 1, 0, 0, 20, 0, 0, 0),
(1355, 52, 52, 1, 0, 1, 1, 0, 0, 1, 0, 0, 52, 0, 0, 0),
(1356, 53, 30, 6, 0, 1, 1, 0, 0, 1, 0, 0, 30, 0, 0, 0),
(1357, 54, 36, 2, 0, 1, 1, 0, 0, 1, 0, 0, 36, 0, 0, 0),
(1358, 55, 36, 1, 0, 1, 1, 0, 0, 1, 0, 0, 36, 0, 0, 0),
(1359, 56, 36, 2, 0, 1, 1, 0, 0, 1, 0, 0, 36, 0, 0, 0),
(1360, 57, 36, 1, 0, 1, 1, 0, 0, 1, 0, 0, 36, 0, 0, 0),
(1361, 58, 36, 1, 0, 1, 1, 0, 0, 1, 0, 0, 36, 0, 0, 0),
(1362, 59, 38, 2, 0, 1, 1, 0, 0, 1, 0, 0, 38, 0, 0, 0),
(1363, 60, 38, 1, 0, 1, 1, 0, 0, 1, 0, 0, 38, 0, 0, 0),
(1364, 61, 38, 2, 0, 1, 1, 0, 0, 1, 0, 0, 38, 0, 0, 0),
(1365, 62, 38, 2, 0, 1, 1, 0, 0, 1, 0, 0, 38, 0, 0, 0),
(1366, 63, 37, 27, 0, 1, 1, 0, 0, 1, 0, 0, 37, 0, 0, 0),
(1367, 64, 60, 9, 0, 1, 1, 0, 0, 1, 0, 0, 60, 0, 0, 0),
(1368, 1006, 4, 2, 0, 1, 1, 0, 0, 1, 0, 0, 4, 0, 0, 0),
(1369, 1007, 4, 2, 0, 1, 1, 0, 0, 1, 0, 0, 4, 0, 0, 0),
(1370, 1008, 4, 2, 0, 1, 1, 0, 0, 1, 0, 0, 4, 0, 0, 0),
(1371, 1009, 4, 21, 0, 1, 1, 0, 0, 1, 0, 0, 4, 0, 0, 0),
(1372, 1010, 4, 2, 0, 1, 1, 0, 0, 1, 0, 0, 4, 0, 0, 0),
(1373, 1011, 4, 0, 0, 1, 1, 0, 0, 1, 0, 0, 4, 0, 0, 0),
(1374, 1012, 4, 2, 0, 1, 1, 0, 0, 1, 0, 0, 4, 0, 0, 0),
(1375, 1013, 6, 73, 0, 1, 1, 0, 0, 1, 0, 0, 6, 0, 0, 0),
(1376, 1015, 5, 200, 0, 1, 1, 0, 0, 1, 0, 0, 5, 0, 0, 0),
(1377, 1016, 5, 25, 0, 1, 1, 0, 0, 1, 0, 0, 5, 0, 0, 0),
(1378, 1017, 5, 75, 0, 1, 1, 0, 0, 1, 0, 0, 5, 0, 0, 0),
(1379, 1018, 5, 50, 0, 1, 1, 0, 0, 1, 0, 0, 5, 0, 0, 0),
(1380, 1019, 13, 87, 0, 1, 1, 0, 0, 1, 0, 0, 13, 0, 0, 0),
(1381, 1020, 5, 12, 0, 1, 1, 0, 0, 1, 0, 0, 5, 0, 0, 0),
(1382, 1021, 71, 80, 0, 1, 1, 0, 0, 1, 0, 0, 71, 0, 0, 0),
(1383, 1022, 6, 150, 0, 1, 1, 0, 0, 1, 0, 0, 6, 0, 0, 0),
(1384, 1023, 6, 169, 0, 1, 1, 0, 0, 1, 0, 0, 6, 0, 0, 0),
(1385, 1024, 6, 157, 0, 1, 1, 0, 0, 1, 0, 0, 6, 0, 0, 0),
(1386, 1025, 8, 700, 0, 1, 1, 0, 0, 1, 0, 0, 8, 0, 0, 0),
(1387, 1026, 8, 354, 0, 1, 1, 0, 0, 1, 0, 0, 8, 0, 0, 0),
(1388, 1027, 9, 700, 0, 1, 1, 0, 0, 1, 0, 0, 9, 0, 0, 0),
(1389, 1028, 10, 700, 0, 1, 1, 0, 0, 1, 0, 0, 10, 0, 0, 0),
(1390, 1029, 8, 249, 0, 1, 1, 0, 0, 1, 0, 0, 8, 0, 0, 0),
(1391, 1030, 11, 200, 0, 1, 1, 0, 0, 1, 0, 0, 11, 0, 0, 0),
(1392, 1031, 6, 100, 0, 1, 1, 0, 0, 1, 0, 0, 6, 0, 0, 0),
(1393, 1033, 11, 100, 0, 1, 1, 0, 0, 1, 0, 0, 11, 0, 0, 0),
(1394, 1034, 11, 188, 0, 1, 1, 0, 0, 1, 0, 0, 11, 0, 0, 0),
(1395, 1035, 12, 350, 0, 1, 1, 0, 0, 1, 0, 0, 12, 0, 0, 0),
(1396, 1036, 12, 335, 0, 1, 1, 0, 0, 1, 0, 0, 12, 0, 0, 0),
(1397, 1037, 13, 84, 0, 1, 1, 0, 0, 1, 0, 0, 13, 0, 0, 0),
(1398, 1038, 13, 152, 0, 1, 1, 0, 0, 1, 0, 0, 13, 0, 0, 0),
(1399, 1039, 13, 25, 0, 1, 1, 0, 0, 1, 0, 0, 13, 0, 0, 0),
(1400, 1040, 13, 200, 0, 1, 1, 0, 0, 1, 0, 0, 13, 0, 0, 0),
(1401, 1041, 13, 75, 0, 1, 1, 0, 0, 1, 0, 0, 13, 0, 0, 0),
(1402, 1042, 13, 62, 0, 1, 1, 0, 0, 1, 0, 0, 13, 0, 0, 0),
(1403, 2042, 4, 16, 0, 1, 1, 0, 0, 1, 0, 0, 4, 0, 0, 0),
(1404, 2043, 4, 9, 0, 1, 1, 0, 0, 1, 0, 0, 4, 0, 0, 0),
(1405, 2044, 18, 162, 0, 1, 1, 0, 0, 1, 0, 0, 18, 0, 0, 0),
(1406, 2045, 18, 39, 0, 1, 1, 0, 0, 1, 0, 0, 18, 0, 0, 0),
(1407, 2046, 18, 68, 0, 1, 1, 0, 0, 1, 0, 0, 18, 0, 0, 0),
(1408, 2047, 20, 2, 0, 1, 1, 0, 0, 1, 0, 0, 20, 0, 0, 0),
(1409, 2048, 20, 2, 0, 1, 1, 0, 0, 1, 0, 0, 20, 0, 0, 0),
(1410, 2049, 22, 8, 0, 1, 1, 0, 0, 1, 0, 0, 22, 0, 0, 0),
(1411, 2050, 24, 4, 0, 1, 1, 0, 0, 1, 0, 0, 24, 0, 0, 0),
(1412, 2051, 24, 4, 0, 1, 1, 0, 0, 1, 0, 0, 24, 0, 0, 0),
(1413, 2052, 24, 6, 0, 1, 1, 0, 0, 1, 0, 0, 24, 0, 0, 0),
(1414, 2053, 24, 1, 0, 1, 1, 0, 0, 1, 0, 0, 24, 0, 0, 0),
(1415, 2054, 24, 11, 0, 1, 1, 0, 0, 1, 0, 0, 24, 0, 0, 0),
(1416, 2055, 24, 21, 0, 1, 1, 0, 0, 1, 0, 0, 24, 0, 0, 0),
(1417, 3044, 26, 5, 0, 1, 1, 0, 0, 1, 0, 0, 26, 0, 0, 0),
(1418, 3045, 27, 2, 0, 1, 1, 0, 0, 1, 0, 0, 27, 0, 0, 0),
(1419, 3046, 29, 8, 0, 1, 1, 0, 0, 1, 0, 0, 29, 0, 0, 0),
(1420, 3047, 30, 6, 0, 1, 1, 0, 0, 1, 0, 0, 30, 0, 0, 0),
(1421, 3048, 36, 2, 0, 1, 1, 0, 0, 1, 0, 0, 36, 0, 0, 0),
(1422, 3049, 36, 1, 0, 1, 1, 0, 0, 1, 0, 0, 36, 0, 0, 0),
(1423, 3050, 36, 2, 0, 1, 1, 0, 0, 1, 0, 0, 36, 0, 0, 0),
(1424, 3051, 36, 2, 0, 1, 1, 0, 0, 1, 0, 0, 36, 0, 0, 0),
(1425, 3052, 36, 2, 0, 1, 1, 0, 0, 1, 0, 0, 36, 0, 0, 0),
(1426, 3053, 39, 2, 0, 1, 1, 0, 0, 1, 0, 0, 39, 0, 0, 0),
(1427, 3054, 39, 7, 0, 1, 1, 0, 0, 1, 0, 0, 39, 0, 0, 0),
(1428, 3055, 39, 2, 0, 1, 1, 0, 0, 1, 0, 0, 39, 0, 0, 0),
(1429, 3056, 39, 1, 0, 1, 1, 0, 0, 1, 0, 0, 39, 0, 0, 0),
(1430, 3057, 41, 40, 0, 1, 1, 0, 0, 1, 0, 0, 41, 0, 0, 0),
(1431, 3058, 41, 25, 0, 1, 1, 0, 0, 1, 0, 0, 41, 0, 0, 0),
(1432, 3059, 42, 90, 0, 1, 1, 0, 0, 1, 0, 0, 42, 0, 0, 0),
(1433, 3060, 43, 80, 0, 1, 1, 0, 0, 1, 0, 0, 43, 0, 0, 0),
(1434, 3061, 43, 10, 0, 1, 1, 0, 0, 1, 0, 0, 43, 0, 0, 0),
(1435, 3062, 44, 1, 0, 1, 1, 0, 0, 1, 0, 0, 44, 0, 0, 0),
(1436, 3063, 46, 9, 0, 1, 1, 0, 0, 1, 0, 0, 46, 0, 0, 0),
(1437, 3064, 46, 3, 0, 1, 1, 0, 0, 1, 0, 0, 46, 0, 0, 0),
(1438, 3065, 46, 15, 0, 1, 1, 0, 0, 1, 0, 0, 46, 0, 0, 0),
(1439, 3066, 42, 90, 0, 1, 1, 0, 0, 1, 0, 0, 42, 0, 0, 0),
(1440, 3067, 42, 100, 0, 1, 1, 0, 0, 1, 0, 0, 42, 0, 0, 0),
(1441, 3068, 42, 20, 0, 1, 1, 0, 0, 1, 0, 0, 42, 0, 0, 0),
(1442, 3069, 49, 90, 0, 1, 1, 0, 0, 1, 0, 0, 49, 0, 0, 0),
(1443, 3070, 49, 30, 0, 1, 1, 0, 0, 1, 0, 0, 49, 0, 0, 0),
(1444, 3071, 49, 80, 0, 1, 1, 0, 0, 1, 0, 0, 49, 0, 0, 0),
(1445, 3072, 49, 50, 0, 1, 1, 0, 0, 1, 0, 0, 49, 0, 0, 0),
(1446, 3073, 53, 11, 0, 1, 1, 0, 0, 1, 0, 0, 53, 0, 0, 0),
(1447, 3074, 53, 10, 0, 1, 1, 0, 0, 1, 0, 0, 53, 0, 0, 0),
(1448, 3075, 52, 10, 0, 1, 1, 0, 0, 1, 0, 0, 52, 0, 0, 0),
(1449, 3076, 52, 4, 0, 1, 1, 0, 0, 1, 0, 0, 52, 0, 0, 0),
(1450, 3077, 52, 4, 0, 1, 1, 0, 0, 1, 0, 0, 52, 0, 0, 0),
(1451, 3078, 50, 19, 0, 1, 1, 0, 0, 1, 0, 0, 50, 0, 0, 0),
(1452, 3079, 50, 5, 0, 1, 1, 0, 0, 1, 0, 0, 50, 0, 0, 0),
(1453, 3080, 55, 5, 0, 1, 1, 0, 0, 1, 0, 0, 55, 0, 0, 0),
(1454, 3081, 54, 10, 0, 1, 1, 0, 0, 1, 0, 0, 54, 0, 0, 0),
(1455, 3082, 30, 1, 0, 1, 1, 0, 0, 1, 0, 0, 30, 0, 0, 0),
(1456, 3083, 61, 4, 0, 1, 1, 0, 0, 1, 0, 0, 61, 0, 0, 0),
(1457, 3084, 0, 42, 3, 1, 1, 0, 0, 2, 0, 0, 3, 0, 0, 0),
(1458, 3085, 51, 70, 0, 1, 1, 0, 0, 1, 0, 0, 51, 0, 0, 0),
(1459, 3086, 51, 20, 0, 1, 1, 0, 0, 1, 0, 0, 51, 0, 0, 0),
(1460, 3087, 57, 1, 0, 1, 1, 0, 0, 1, 0, 0, 57, 0, 0, 0),
(1461, 3088, 58, 6, 0, 1, 1, 0, 0, 1, 0, 0, 58, 0, 0, 0),
(1462, 3089, 58, 2, 0, 1, 1, 0, 0, 1, 0, 0, 58, 0, 0, 0),
(1463, 3090, 59, 4, 0, 1, 1, 0, 0, 1, 0, 0, 59, 0, 0, 0),
(1464, 3091, 0, 3, 2, 1, 1, 0, 0, 2, 0, 0, 2, 0, 0, 0),
(1465, 3092, 0, 1, 2, 1, 1, 0, 0, 2, 0, 0, 2, 0, 0, 0),
(1466, 3093, 0, 4, 2, 1, 1, 0, 0, 2, 0, 0, 2, 0, 0, 0),
(1467, 3094, 0, 3, 2, 1, 1, 0, 0, 2, 0, 0, 2, 0, 0, 0),
(1468, 3095, 0, 8, 2, 1, 1, 0, 0, 2, 0, 0, 2, 0, 0, 0),
(1469, 3096, 0, 7, 2, 1, 1, 0, 0, 2, 0, 0, 2, 0, 0, 0),
(1470, 3097, 0, 2, 2, 1, 1, 0, 0, 2, 0, 0, 2, 0, 0, 0),
(1471, 3098, 0, 1, 2, 1, 1, 0, 0, 2, 0, 0, 2, 0, 0, 0),
(1472, 3099, 0, 2, 2, 1, 1, 0, 0, 2, 0, 0, 2, 0, 0, 0),
(1473, 3100, 0, 2, 2, 1, 1, 0, 0, 2, 0, 0, 2, 0, 0, 0),
(1474, 3101, 0, 1, 2, 1, 1, 0, 0, 2, 0, 0, 2, 0, 0, 0),
(1475, 3102, 0, 3, 2, 1, 1, 0, 0, 2, 0, 0, 2, 0, 0, 0),
(1476, 3103, 0, 1, 4, 1, 1, 0, 0, 2, 0, 0, 4, 0, 0, 0),
(1477, 3104, 0, 4, 4, 1, 1, 0, 0, 2, 0, 0, 4, 0, 0, 0),
(1478, 3105, 0, 2, 4, 1, 1, 0, 0, 2, 0, 0, 4, 0, 0, 0),
(1479, 3106, 0, 12, 7, 1, 1, 0, 0, 2, 0, 0, 7, 0, 0, 0),
(1480, 3107, 0, 10, 7, 1, 1, 0, 0, 2, 0, 0, 7, 0, 0, 0),
(1481, 3108, 0, 10, 7, 1, 1, 0, 0, 2, 0, 0, 7, 0, 0, 0),
(1482, 3109, 0, 17, 8, 1, 1, 0, 0, 2, 0, 0, 8, 0, 0, 0),
(1483, 3110, 0, 5, 8, 1, 1, 0, 0, 2, 0, 0, 8, 0, 0, 0),
(1484, 3111, 0, 10, 8, 1, 1, 0, 0, 2, 0, 0, 8, 0, 0, 0),
(1485, 3112, 0, 5, 8, 1, 1, 0, 0, 2, 0, 0, 8, 0, 0, 0),
(1486, 3113, 0, 7, 8, 1, 1, 0, 0, 2, 0, 0, 8, 0, 0, 0),
(1487, 3114, 0, 20, 9, 1, 1, 0, 0, 2, 0, 0, 9, 0, 0, 0),
(1488, 3115, 0, 7, 9, 1, 1, 0, 0, 2, 0, 0, 9, 0, 0, 0),
(1489, 3116, 0, 1, 6, 1, 1, 0, 0, 2, 0, 0, 6, 0, 0, 0),
(1490, 3117, 4, 100, 0, 1, 1, 0, 0, 1, 0, 0, 4, 0, 0, 0),
(1491, 3118, 6, 100, 0, 1, 1, 0, 0, 1, 0, 0, 6, 0, 0, 0),
(1492, 3119, 19, 7, 0, 1, 1, 0, 0, 1, 0, 0, 19, 0, 0, 0),
(1493, 3120, 19, 2, 0, 1, 1, 0, 0, 1, 0, 0, 19, 0, 0, 0),
(1494, 3121, 19, 2, 0, 1, 1, 0, 0, 1, 0, 0, 19, 0, 0, 0),
(1495, 3122, 19, 2, 0, 1, 1, 0, 0, 1, 0, 0, 19, 0, 0, 0),
(1496, 3123, 38, 2, 0, 1, 1, 0, 0, 1, 0, 0, 38, 0, 0, 0),
(1501, 4122, 63, 1, 0, 1, 1, 0, 0, 1, 0, 0, 63, 0, 0, 0),
(1503, 4122, 64, 0, 0, 1, 1, 0, 0, 1, 0, 0, 64, 0, 0, 0),
(1504, 4123, 39, 2, 0, 1, 1, 0, 0, 1, 0, 0, 39, 0, 0, 0),
(1505, 4124, 20, 2, 0, 1, 1, 0, 0, 1, 0, 0, 20, 0, 0, 0),
(1506, 4125, 0, 1, 0, 2, 0, 1, 0, 0, 0, 0, 0, 123, 0, 0),
(1507, 4125, 0, 1, 0, 1, 1, 0, 0, 1, 0, 0, 0, 321, 0, 0),
(1508, 4126, 0, 1, 0, 3, 0, 0, 1, 0, 0, 1, 0, 456, 0, 0),
(2507, 3, 64, 100, 0, 0, 0, 0, 0, 0, 0, 0, 0, 0, 0, 0),
(3507, 5125, 5, 2, 0, 1, 2, 0, 0, 2, 0, 0, 5, 0, 0, 0),
(3508, 32, 0, 2, 0, 0, 2, 0, 0, 2, 0, 0, 5, 0, 0, 0),
(3509, 5126, 1, 5, 0, 1, 2, 0, 0, 2, 0, 0, 1, 0, 0, 0),
(4508, 30, 0, 1, 0, 0, 2, 0, 0, 2, 0, 0, 3, 0, 0, 0),
(4509, 31, 0, 1, 0, 0, 2, 0, 0, 2, 0, 0, 3, 0, 0, 0),
(4510, 6126, 1, 1, 0, 1, 2, 0, 0, 2, 0, 0, 1, 0, 0, 0),
(4511, 6127, 3, 8, 0, 1, 2, 0, 0, 2, 0, 0, 3, 0, 0, 0),
(4512, 6128, 1, 11, 0, 1, 2, 0, 0, 2, 0, 0, 1, 0, 0, 0),
(4513, 6129, 1, 4, 0, 1, 2, 0, 0, 2, 0, 0, 1, 0, 0, 0),
(4514, 6130, 1, 1, 0, 1, 2, 0, 0, 2, 0, 0, 1, 0, 0, 0),
(4515, 6131, 1, 2, 0, 1, 2, 0, 0, 2, 0, 0, 1, 0, 0, 0),
(4516, 6132, 1, 2, 0, 1, 2, 0, 0, 2, 0, 0, 1, 0, 0, 0);

-- --------------------------------------------------------

--
-- Структура таблицы `peoples`
--

CREATE TABLE `peoples` (
  `id` int NOT NULL,
  `First_name` varchar(20) NOT NULL,
  `Second_name` varchar(20) NOT NULL,
  `Last_name` varchar(20) NOT NULL,
  `Individual_key` varchar(20) NOT NULL,
  `TabNumberSAP` int NOT NULL,
  `Doljnost_id` int NOT NULL
) ENGINE=InnoDB DEFAULT CHARSET=utf8mb4 COLLATE=utf8mb4_general_ci;

--
-- Дамп данных таблицы `peoples`
--

INSERT INTO `peoples` (`id`, `First_name`, `Second_name`, `Last_name`, `Individual_key`, `TabNumberSAP`, `Doljnost_id`) VALUES
(2, 'Абдулла', 'Сетерхан', 'Сетерхан', '04 35 1E 12 A3 21 80', 635571, 1),
(5, 'Алексей', 'Алексеевич', 'Нейштетр', '62 16 FD F1', 653861, 1),
(6, 'Олег', 'Сергеевич', 'Ключинский', 'C2 DF 6E 16', 70015604, 1),
(7, 'Владимир', 'Александрович', 'Солдаев', 'B5 28 FD 64', 70016271, 1),
(8, 'Илья', 'Александрович', 'Кембель', 'D5 F7 F6 64', 629194, 1),
(9, 'Дмитрий', 'Николаевич', 'Данильченко', '55 2C FD 64', 676651, 1),
(11, 'Аян', 'Койшыбаевич', 'Мусин', '95 B2 1F 1B', 682723, 1),
(12, 'Виктор', 'Николаевич', 'Бармин', '25 2C 90 21', 70009705, 1),
(13, 'Юрий', 'Юрьевич', 'Франц', '25 28 32 21', 590239, 1),
(14, 'Татьяна', 'Николаевна', 'Смилянская', '04 51 87 2A 72 26 80', 70005652, 1),
(15, 'Елена', 'Васильевна', 'Пушкарева', '04 2F 91 12 A3 21 80', 70013230, 1),
(16, 'Алена', 'Игоревна', 'Кравцова', '35 CA 08 65', 488586, 1),
(17, 'Дмитрий', 'Юрьевич', 'Бугаев', '04 0F 6F 12 A3 21 80', 45809, 1),
(18, 'Александр', 'Николаевич', 'Стадольский', '22 6D 78 17', 718532, 1),
(19, 'Наталья', 'Анатольевна', 'Данильченко', '', 70013141, 1),
(20, 'Виктория', 'Анатольевна', 'Суровцева', '04 46 84 F2 71 26 80', 70003653, 1),
(21, 'Екатерина', 'Александровна', 'Шапкина', '25 5B 12 2F', 534272, 1),
(22, 'Светлана', 'Алексеевна', 'Лихачева', '75 C6 3F 2F', 70013487, 1),
(23, 'Владимир', 'Вячеславович', 'Беляков', 'A5 FC F9 64', 70005632, 1),
(24, 'Максим', 'Васильевич', 'Ганшу', '04 33 6C F2 71 26 80', 70005607, 1),
(25, 'Евгений', 'Вячеславович', 'Садыков', '04 46 80 FA A3 56 80', 70005661, 1),
(26, 'Алексей', 'Владимирович', 'Рыченко', '35 4E 2A 2F', 70003743, 1),
(27, 'Константин', 'Владимирович', 'Иванов', '04 44 24 0A A3 21 80', 70005609, 1),
(28, 'Павел', 'Дмитриевич', 'Цой', '', 70005562, 1),
(29, 'Антон', 'Сергеевич', 'Гусев', '25 90 49 2F', 70005610, 1),
(30, 'Антон', 'Андреевич', 'Смилянский', 'E0 B8 5F 1E', 70005605, 1),
(31, 'Сагдат', 'Елеубекович', 'Баймукашов', '04 46 73 0A A3 21 80', 70005593, 1),
(32, 'Михти', 'Зияевич', 'Вейсалидзе', '', 70005643, 1),
(33, 'Игорь', 'Владимирович', 'Коцкий', 'AE C7 FB 1F', 70005629, 1),
(34, 'Жанасыл', 'Тлеугабылович', 'Дюсембаев', '62 16 FD F11', 70005613, 1),
(35, 'Егор', 'Анатольевич', 'Иващенко', '04 54 83 2A 72 26 80', 70005604, 1),
(36, 'Сергей', 'Васильевич', 'Аглеев', '04 2B 24 3A F2 26 80', 70005606, 1),
(37, 'Дидар', 'Куандыкович', 'Даирбеков', '05 43 29 2F', 70005664, 1),
(38, 'Константин', 'Робертович', 'Плискин', '04 77 19 2A 72 26 80', 636113, 1),
(39, 'Евгений', 'Александрович', 'Ануфриев', '45 69 CA 21', 70009444, 1),
(40, 'Сергей', 'Иванович', 'Горяинов', '20 5A 51 1F', 70005640, 1),
(41, 'Дмитрий', 'Сергеевич', 'Коногоров', '04 FE 56 42 F3 59 80', 70009849, 1),
(42, 'Александр', 'Георгиевич', 'Кареев', '', 70009741, 1),
(43, 'Сергей', 'Александрович', 'Миронов', 'DE 9A F7 1F', 653290, 1),
(44, 'Александр', 'Владимирович', 'Сокольников', '05 FE 01 65', 70004195, 1),
(45, 'Сергей', 'Александрович', 'Колесов', '', 70016266, 1),
(46, 'Оксана', 'Валентиновна', 'Семкина', '04 59 68 2A 72 26 80', 70005666, 1),
(47, 'Елена', 'Владимировна', 'Чуприна', '', 70005645, 1),
(48, 'Давид', 'Берикович', 'Нургалиев', '04 5A 54 2A 72 26 80', 70003492, 1),
(49, 'Нурбулан', 'Болатович', 'Камаров', '04 82 27 D2 D6 25 80', 70007852, 1),
(50, 'Медет', 'Темирбулатович', 'Мырзаханов', '', 70007854, 1),
(51, 'Сергей', 'Михайлович', 'Волович', '04 66 5D 0A A3 21 80', 70007849, 1),
(53, 'Руслан', 'Николаевич', 'Бондаренко', '20 74 51 1F', 631602, 1),
(54, 'Олег', 'Эдуардович', 'Семкин', '', 632336, 1),
(55, 'Фёдор', 'Николаевич', 'Чигинцев', '04 28 1E 3A F2 26 80', 70014988, 1),
(56, 'Александр', 'Анатольевич', 'Федоров', 'F5 4F 10 65', 70007702, 1),
(57, 'Владимир', 'Викторович', 'Черкашин', '', 70016261, 1),
(58, 'Нурбек', 'Дуйсенбекович', 'Садирбаев', '', 568729, 1),
(59, 'Олег', 'Владиславович', 'Чертков', '', 70016272, 1),
(60, 'Геннадий', 'Владимирович', 'Шакиров', '', 70008196, 1),
(61, 'Дмитрий', 'Александрович', 'Абашкин', '', 70016262, 1),
(62, 'Богдан', 'Серикович', 'Дюсембаев', '04 63 78 02 75 26 80', 632721, 1),
(63, 'Алия', 'Богатырьевна', 'Оспанова', '04 31 1B FA 71 26 80', 70013456, 1),
(64, 'Мадина', 'Ергалиевна', 'Сулейменова', '', 70014173, 1),
(65, 'Инна', 'Вадимовна', 'Файзуллина', '', 598971, 1),
(66, 'Светлана', 'Викторовна', 'Песоцкая', '', 70014172, 1),
(67, 'Александр', 'Андреевич', 'Булат', '9E E7 FB 1F', 650866, 1),
(68, 'Владимир', 'Анатольевич', 'Кравченко', '04 72 1E 1A A3 21 80', 2845, 1),
(1012, 'Сергей', 'Васильевич', 'Макаренко', '04 48 5E 2A 72 26 80', 70015532, 1),
(1013, 'Аскар', 'Конысбаевич', 'Жалгасов', '04 72 1F 0A A3 21 80', 15169, 1),
(1014, 'Андрей', 'Викторович', 'Ялалов', '04 63 60 0A A3 21 80', 498365, 1),
(2012, 'Павел', 'Сергеевич', 'Логашов', '65 78 5F 1F', 11111, 1),
(2013, 'Алданыш', 'Николаевич', 'Касенов', '9E E7 FB 1F1', 11111, 1),
(2014, 'Еркен', 'Камитович', 'Кусанов', '85 60 F8 64', 70009711, 1),
(2015, 'Владимир', 'Васильевич', 'Леликов', '04 2D 77 02 75 26 80', 12071, 1),
(2016, 'Александр', 'Григорьевич', 'Товкало', 'F5 6F FE 64', 669207, 1),
(2017, 'Михаил', 'Александрович', 'Князев', '04 77 2B 0A A3 21 80', 48240, 1),
(2018, 'Дмитрий', 'Николаевич', 'Ракко', '', 70005600, 1),
(2019, 'Антон', 'Валерьевич', 'Кондратьев', '8E 74 35 20', 449276, 1),
(2020, 'Виктор', 'Евгеньевич', 'Попов', '25 D3 B3 21', 610197, 1),
(2021, 'Леонид', 'Леонидович', 'Кабаков', '75 78 64 1F', 712650, 1),
(2023, 'Кайрбек', 'Темирболатович', 'Есенгараев', '35 00 FD 21', 468742, 1),
(2024, 'Константин', 'Александрович', 'Геращенко', 'D5 F3 18 2F', 539817, 1),
(2025, 'Иван', 'Валентинович', 'Рябухин', '02 8F 08 17', 682822, 1),
(2026, 'Рустам', 'Саулетханович', 'Сагындыков', '05 94 9D 1F', 5113982, 1),
(2028, 'Леонид', 'Викторович', 'Чабан', '', 70009831, 1),
(2029, 'Мукан', 'Неспаевич', 'Елеусизов', '', 70009820, 1),
(2030, 'Сергей', 'Иванович', 'Антонов', '04 77 6D 1A A3 21 80', 70009769, 1),
(2031, 'Ефим', 'Андреевич', 'Козликин', '', 504801, 1),
(2032, 'Наталья', 'Николаевна', 'Александрова', '04 4E 83 F2 71 26 80', 187753, 1),
(2033, 'Наталья', 'Владимировна', 'Старкова', '04 62 40 F2 71 26 80', 38600, 1),
(2034, 'Владимир', 'Ефремович', 'Демиденко', '04 7E 7E 02 75 26 80', 12138, 1),
(2035, 'Талаптан', 'Орманбекович', 'Сеитханов', '04 55 8E 02 75 26 80', 70005655, 1),
(2036, 'Ольга', 'Николаевна', 'Утлик', '', 70005684, 1),
(2037, 'Никита', 'Юрьевич', 'Вейт', '04 46 70 02 75 26 80', 70008941, 1),
(2038, 'Дмитрий', 'Анатольевич', 'Курин', '', 70007851, 1),
(2039, 'Владимир', 'Юрьевич', 'Провоткин', '04 12 45 F2 71 26 80', 70005625, 1),
(2040, 'Тимофей', 'Сергеевич', 'Чуприна', '', 455080, 1),
(2041, 'Антон', 'Игоревич', 'Батов', '04 38 88 02 75 26 80', 40400, 1),
(2042, 'Яков', 'Тулеппович', 'Нуржанов', '04 92 5F 42 F2 26 80', 70005568, 1),
(2043, 'Павел', 'Алексеевич', 'Петриченко', '04 83 80 F2 71 26 80', 70004718, 1),
(2044, 'Борис', 'Александрович', 'Иванов', '95 22 01 65', 630880, 1),
(2045, 'Руслан', 'Орынбекович', 'Джиямбаев', '04 1C 81 02 75 26 80', 38412, 1),
(2047, 'Кеулимжай', '', 'Аязбаев', 'A5 D4 0C 65', 629285, 1),
(2048, 'Алмас', 'Ешмаганбетович', 'Айгожин', '45 66 CF 21', 70005612, 1),
(2050, 'Ардак', 'Серикович', 'Омаров', '', 70005590, 1),
(2051, 'Андрей', 'Александрович', 'Вахитов', '', 70000833, 1),
(2052, 'Андрей', 'Дмитриевич', 'Щедрин', '04 3D 82 F2 71 26 80', 481169, 1),
(2053, 'Бахытжан', 'Жылкыайдарович', 'Токталиев', '04 F5 AD 42 F3 59 80', 766539, 1),
(2054, 'Арман', 'Исатаевич', 'Елеуов', '', 70005554, 1),
(2055, 'Алданыш', 'Николаевич', 'Касенов', '', 70005659, 1),
(2056, 'Николай', 'Иванович', 'Курмаз', '04 42 6B FA A2 21 80', 6230, 1),
(2057, 'Ольга', 'Викторовна', 'Гришко', '', 70005667, 1),
(2058, 'Светлана', 'Ивановна', 'Крисальная', '04 5F 88 02 75 26 80', 70005679, 1),
(2059, 'Елена', 'Михайловна', 'Приходько', '', 70009686, 1),
(2060, 'Юрий', 'Викторович', 'Морозов', '04 70 20 0A A3 21 80', 454522, 1),
(2061, 'Евгений', 'Сергеевич', 'Кубышкин', '', 611995, 1),
(2062, 'Равиль', 'Тагирович', 'Кантеев', '04 22 45 3A F2 26 80', 70005588, 1),
(2063, 'Рустам', 'Хашимжанович', 'Абдурахимов', '', 571263, 1),
(2064, 'Аслан', 'Тилеубекович', 'Омирбеков', 'E5 F9 0B 65', 634731, 1),
(2065, 'Игорь', 'Борисович', 'Линьков', '04 7A 41 1A A3 21 80', 70005567, 1),
(2066, 'Михти', 'Зияевич', 'Вейсалидзе', '', 70005643, 1),
(2067, 'Данил', 'Анатольевич', 'Даниленко', '1C 5E 5A 1F', 794605, 1),
(2070, 'Нурсултан', 'Мухтархожаевич', 'Ахаев', '04 8E 59 3A F2 26 80', 450589, 1),
(2071, 'Жегсенбай', '', 'Сервен', '45 A1 19 2F', 473784, 1),
(2072, 'Борис', 'Олегович', 'Родичев', '04 7B 4D 0A A3 21 80', 14067, 1),
(2073, 'Владимир', 'Александрович', 'Рачков', '', 33105, 1),
(2074, 'Мадихан', 'Махамбеджанович', 'Жакыпбеков', '', 70009821, 1),
(2075, 'Жанкелди', 'Кыдырбаевич', 'Абубакиров', '04 24 6D 42 F3 59 80', 766482, 1),
(2076, 'Игорь', 'Игоревич', 'Доценко', '04 65 43 0A A3 21 80', 468745, 1),
(2077, 'Федор', 'Александрович', 'Ябс', '04 43 0E 2A 72 26 80', 70005611, 1),
(2078, 'Наталья', 'Константиновна', 'Слюнина', '04 7F 77 02 75 26 80', 70005670, 1),
(2079, 'Елена', 'Владимировна', 'Драницына', '04 75 2A 1A A3 21 80', 70005680, 1),
(2080, 'Елена', 'Петровна', 'Станкевич', '', 70005672, 1),
(2081, 'Ерсултан', 'Мухтархожаевич', 'Ахаев', '04 57 3B 2A 72 26 80', 48209, 1),
(2082, 'Сергей', 'Викторович', 'Туманов', '35 6F 47 1F', 618542, 1),
(2083, 'Владимир', 'Викторович', 'Мишуков', '04 17 6A F2 71 26 80', 5006, 1),
(2084, 'Наталья', 'Григорьевна', 'Ужегова', '04 38 30 F2 71 26 80', 70005671, 1),
(2085, 'Светлана', 'Михайловна', 'Пузикова', '04 65 25 2A 72 26 80', 70005681, 1),
(2086, 'Наталья', 'Александровна', 'Мороз', '04 4F 05 FA 71 26 80', 70005569, 1),
(2087, 'Владимир', 'Васильевич', 'Ганшу', '25 70 03 65', 551311, 1),
(2088, 'Ирина', 'Владимировна', 'Кирюшкина', '', 70005669, 1),
(2089, 'Владимир', 'Борисович', 'Баталин', '04 18 37 3A F2 26 80', 70005583, 1),
(2090, 'Александр', 'Александрович', 'Старков', '', 70005556, 1),
(2091, 'Жандарбек', '', 'Аятхан', 'D2 48 DA 16', 680626, 1),
(2092, 'Александр', 'Владимирович', 'Антаков', '04 52 53 2A 72 26 80', 70005651, 1),
(2093, 'Егор', 'Анатольевич', 'Иващенко', '', 38814, 1),
(2094, 'Александр', 'Владимирович', 'Величко', '59 FB FD 79', 478602, 1),
(2095, 'Дидар', 'Куандыкович', 'Даирбеков', '', 70005664, 1),
(2096, 'Владимир', 'Николаевич', 'Ворожейкин', '04 61 05 2A 72 26 80', 468645, 1),
(2097, 'Александр', 'Константинович', 'Варнакин', '', 70005657, 1),
(2098, 'Дархан', 'Жандарбекович', 'Ауталип', '', 440793, 1),
(2099, 'Николай', 'Николаевич', 'Лагода', '04 3D 36 F2 71 26 80', 70009716, 1),
(2100, 'Дархан', 'Маратович', 'Палманов', '04 64 84 2A 72 26 80', 70005627, 1),
(2101, 'Евгений', 'Анатольевич', 'Игнатов', '04 3F 2E 02 A3 21 80', 70005584, 1),
(2102, 'Олеся', 'Михайловна', 'Пряничникова', '04 45 0B FA 71 26 80', 70005686, 1),
(2103, 'Наталья', 'Николаевна', 'Холодова', '04 91 35 F2 71 26 80', 70005668, 1),
(2104, 'Дмитрий', 'Вячеславович', 'Ен', '', 70005608, 1),
(2105, 'Геннадий', 'Сергеевич', 'Зибницкий', '65 42 06 65', 70005614, 1),
(2106, 'Дмитрий', 'Николаевич', 'Фомин', '04 6B 1B 0A A3 21 80', 70005552, 1),
(2107, 'Сергей', 'Витальевич', 'Стасенко', '04 3E 08 12 A3 21 80', 70009817, 1),
(2108, 'Игорь', 'Леонидович', 'Слышкин', '', 70005577, 1),
(2109, 'Жаик', 'Ишетаевич', 'Даулетбаев', '', 70005560, 1),
(2110, 'Талгат', 'Ерикович', 'Секербаев', 'E9 77 02 7A', 70004166, 1),
(2111, 'Вениамин', 'Валерьевич', 'Урывский', '04 6F 29 0A A3 21 80', 70005591, 1),
(2112, 'Василий', 'Федорович', 'Широбоков', '', 453999, 1),
(2113, 'Сергей', 'Михайлович', 'Волович', '', 70007849, 1),
(2114, 'Сабит', 'Хамидуллович', 'Жумабеков', '04 63 82 F2 71 26 80', 70005575, 1),
(2115, 'Аскар', 'Конысбаевич', 'Жалгасов', '', 70005580, 1),
(2116, 'Наталья', 'Николаевна', 'Кулакова', '04 4D 06 2A 72 26 80', 70005676, 1),
(2117, 'Наталья', 'Габдельманова', 'Гатина', '04 68 17 02 A3 21 80', 714906, 1),
(2118, 'Дидар', 'Куандыкович', 'Даирбеков', '', 70005664, 1),
(2120, 'Луиза', 'Владимировна', 'Шутихина', '04 59 12 02 A3 21 80', 70005687, 1),
(2121, 'Александр', 'Александрович', 'Рычков', '04 7D 7F F2 71 26 80', 70005665, 1),
(2122, 'Серик', 'Кенжеканович', 'Жамурзинов', '', 70005602, 1),
(2123, 'Ольга', 'Викторовна', 'Соколова', '', 70005683, 1),
(2124, 'Дмитрий', 'Михайлович', 'Полтарецкий', '04 81 26 0A A3 21 80', 70004852, 1),
(2125, 'Борис', 'Александрович', 'Свириденко', '', 70004157, 1),
(2128, '', 'Малчбек', 'Жанту', '', 560783, 1),
(2129, 'Дмитрий', 'Николаевич', 'Данильченко', '', 676651, 1),
(2130, 'Павел', 'Сергеевич', 'Логашов', '', 702589, 1),
(2131, 'Александр', 'Александрович', 'Максатов', '', 441757, 1),
(2132, 'Андрей', 'Валерьевич', 'Попандопуло', '', 70016267, 1),
(2134, 'Эдуард', 'Викторович', 'Попов', '', 70005550, 1),
(2135, 'Алексей', 'Николаевич', 'Изгагин', '', 488799, 1),
(2136, 'Артур', 'Игоревич', 'Иванцов', '', 687617, 1),
(2137, 'Олег', 'Владиславович', 'Чертков', '', 47383, 1),
(2138, 'Абдула', '', 'Сетерхан', '', 635571, 1),
(2139, 'Сергей', 'Федорович', 'Пархоменко', '', 70005596, 1),
(2140, 'Антон', 'Андреевич', 'Смилянский', '', 70005605, 1),
(2141, 'Анатолий', 'Евгеньевич', 'Зубов', '', 595984, 1),
(2142, 'Дмитрий', 'Сергеевич', 'Казак', '', 70004858, 1),
(2143, 'Константин', 'Сергеевич', 'Шепталов', '', 70016263, 1),
(2144, 'Денис', 'Сергеевич', 'Рихау', '', 70016260, 1),
(2145, 'Сергей', 'Владиславович', 'Кузнецов', '', 70005573, 1),
(2146, 'Владимир', 'Анатольевич', 'Тулин', '', 70005581, 1),
(2147, 'Дмитрий', 'Александрович', 'Абашкин', '', 70016262, 1),
(2148, 'Дмитрий', 'Серикович', 'Слюнин', '', 70016257, 1),
(2149, 'Нурбек', 'Дуйсенбекович', 'Садирбаев', '', 568729, 1),
(2150, 'Жанасыл', 'Тлеугабылович', 'Дюсембаев', '', 70005613, 1),
(2151, 'Дмитрий', 'Викторович', 'Кокошко', '', 70005570, 1),
(2152, 'Геннадий', 'Владимирович', 'Шакиров', '', 70008196, 1);

--
-- Индексы сохранённых таблиц
--

--
-- Индексы таблицы `categories`
--
ALTER TABLE `categories`
  ADD PRIMARY KEY (`id`);

--
-- Индексы таблицы `door_controll`
--
ALTER TABLE `door_controll`
  ADD PRIMARY KEY (`id`);

--
-- Индексы таблицы `ediniciizmerenija`
--
ALTER TABLE `ediniciizmerenija`
  ADD PRIMARY KEY (`id`);

--
-- Индексы таблицы `exam_date`
--
ALTER TABLE `exam_date`
  ADD PRIMARY KEY (`id`);

--
-- Индексы таблицы `exam_typequest`
--
ALTER TABLE `exam_typequest`
  ADD PRIMARY KEY (`id`);

--
-- Индексы таблицы `history`
--
ALTER TABLE `history`
  ADD PRIMARY KEY (`id`);

--
-- Индексы таблицы `img_ava`
--
ALTER TABLE `img_ava`
  ADD PRIMARY KEY (`id`);

--
-- Индексы таблицы `login`
--
ALTER TABLE `login`
  ADD PRIMARY KEY (`id`),
  ADD UNIQUE KEY `amei` (`amei`);

--
-- Индексы таблицы `materials`
--
ALTER TABLE `materials`
  ADD PRIMARY KEY (`id`),
  ADD UNIQUE KEY `bar_code` (`bar_code`);

--
-- Индексы таблицы `material_objects`
--
ALTER TABLE `material_objects`
  ADD UNIQUE KEY `id` (`id`);

--
-- Индексы таблицы `peoples`
--
ALTER TABLE `peoples`
  ADD PRIMARY KEY (`id`);

--
-- AUTO_INCREMENT для сохранённых таблиц
--

--
-- AUTO_INCREMENT для таблицы `categories`
--
ALTER TABLE `categories`
  MODIFY `id` int NOT NULL AUTO_INCREMENT, AUTO_INCREMENT=7022;

--
-- AUTO_INCREMENT для таблицы `door_controll`
--
ALTER TABLE `door_controll`
  MODIFY `id` int NOT NULL AUTO_INCREMENT, AUTO_INCREMENT=7028;

--
-- AUTO_INCREMENT для таблицы `ediniciizmerenija`
--
ALTER TABLE `ediniciizmerenija`
  MODIFY `id` int NOT NULL AUTO_INCREMENT, AUTO_INCREMENT=1003;

--
-- AUTO_INCREMENT для таблицы `exam_date`
--
ALTER TABLE `exam_date`
  MODIFY `id` int NOT NULL AUTO_INCREMENT, AUTO_INCREMENT=216;

--
-- AUTO_INCREMENT для таблицы `exam_typequest`
--
ALTER TABLE `exam_typequest`
  MODIFY `id` int NOT NULL AUTO_INCREMENT, AUTO_INCREMENT=3;

--
-- AUTO_INCREMENT для таблицы `history`
--
ALTER TABLE `history`
  MODIFY `id` int NOT NULL AUTO_INCREMENT, AUTO_INCREMENT=14144;

--
-- AUTO_INCREMENT для таблицы `img_ava`
--
ALTER TABLE `img_ava`
  MODIFY `id` int NOT NULL AUTO_INCREMENT, AUTO_INCREMENT=2;

--
-- AUTO_INCREMENT для таблицы `login`
--
ALTER TABLE `login`
  MODIFY `id` int NOT NULL AUTO_INCREMENT, AUTO_INCREMENT=2;

--
-- AUTO_INCREMENT для таблицы `peoples`
--
ALTER TABLE `peoples`
  MODIFY `id` int NOT NULL AUTO_INCREMENT, AUTO_INCREMENT=2153;
COMMIT;

/*!40101 SET CHARACTER_SET_CLIENT=@OLD_CHARACTER_SET_CLIENT */;
/*!40101 SET CHARACTER_SET_RESULTS=@OLD_CHARACTER_SET_RESULTS */;
/*!40101 SET COLLATION_CONNECTION=@OLD_COLLATION_CONNECTION */;
